time,id,x,y
5,4,1.0,5.0
5,5,20.597022314125994,2.0597022314125994
6,4,2.0,5.0
6,5,21.194044628251987,2.119404462825199
7,4,3.0,5.0
7,5,21.79106694237798,2.1791066942377983
8,4,4.0,5.0
8,5,22.388089256503974,2.238808925650398
9,4,5.0,5.0
9,5,22.985111570629968,2.2985111570629972
10,4,6.0,5.0
10,5,23.58213388475596,2.3582133884755967
11,4,7.0,5.0
11,5,24.179156198881955,2.417915619888196
12,4,8.0,5.0
12,5,24.77617851300795,2.4776178513007956
13,4,9.0,5.0
13,5,25.373200827133942,2.537320082713395
14,4,10.0,5.0
14,5,25.970223141259936,2.5970223141259945
15,4,11.0,5.0
15,5,26.56724545538593,2.656724545538594
15,6,1.0,5.0
16,4,12.0,5.0
16,5,27.164267769511923,2.7164267769511934
16,6,2.0,5.0
17,4,13.0,5.0
17,5,27.761290083637917,2.776129008363793
17,6,3.0,5.0
18,4,14.0,5.0
18,5,28.35831239776391,2.8358312397763923
18,6,4.0,5.0
19,4,15.0,5.0
19,5,28.955334711889904,2.8955334711889917
19,6,5.0,5.0
20,4,16.0,5.0
20,5,29.552357026015898,2.955235702601591
20,6,6.0,5.0
21,4,17.0,5.0
21,5,30.14937934014189,3.0149379340141906
21,6,7.0,5.0
22,4,18.0,5.0
22,5,30.746401654267885,3.07464016542679
22,6,8.0,5.0
23,4,19.0,5.0
23,5,31.34342396839388,3.1343423968393895
23,6,9.0,5.0
24,4,20.0,5.0
24,5,31.940446282519872,3.194044628251989
24,6,10.0,5.0
25,4,21.0,5.0
25,5,32.537468596645866,3.2537468596645884
25,6,11.0,5.0
26,4,22.0,5.0
26,5,33.13449091077186,3.313449091077188
26,6,12.0,5.0
27,4,23.0,5.0
27,5,33.73151322489785,3.3731513224897873
27,6,13.0,5.0
28,4,24.0,5.0
28,5,34.32853553902385,3.432853553902387
28,6,14.0,5.0
29,4,25.0,5.0
29,5,34.92555785314984,3.4925557853149862
29,6,15.0,5.0
30,4,26.0,5.0
30,5,35.522580167275834,3.5522580167275857
30,6,16.0,5.0
31,4,27.0,5.0
31,5,36.11960248140183,3.611960248140185
31,6,17.0,5.0
32,4,28.0,5.0
32,5,36.71662479552782,3.6716624795527846
32,6,18.0,5.0
33,4,29.0,5.0
33,5,37.313647109653814,3.731364710965384
33,6,19.0,5.0
34,4,30.0,5.0
34,5,37.91066942377981,3.7910669423779835
34,6,20.0,5.0
35,4,31.0,5.0
35,5,38.5076917379058,3.850769173790583
35,6,21.0,5.0
35,7,1.0,5.0
35,8,20.597022314125994,2.0597022314125994
36,4,32.0,5.0
36,5,39.104714052031795,3.9104714052031824
36,6,22.0,5.0
36,7,2.0,5.0
36,8,21.194044628251987,2.119404462825199
37,4,33.0,5.0
37,5,39.70173636615779,3.970173636615782
37,6,23.0,5.0
37,7,3.0,5.0
37,8,21.79106694237798,2.1791066942377983
38,4,34.0,5.0
38,5,40.29875868028378,4.029875868028381
38,6,24.0,5.0
38,7,4.0,5.0
38,8,22.388089256503974,2.238808925650398
39,4,35.0,5.0
39,5,40.895780994409776,4.08957809944098
39,6,25.0,5.0
39,7,5.0,5.0
39,8,22.985111570629968,2.2985111570629972
40,4,36.0,5.0
40,5,41.49280330853577,4.149280330853579
40,6,26.0,5.0
40,7,6.0,5.0
40,8,23.58213388475596,2.3582133884755967
40,9,1.0,5.0
41,4,37.0,5.0
41,5,42.08982562266176,4.208982562266178
41,6,27.0,5.0
41,7,7.0,5.0
41,8,24.179156198881955,2.417915619888196
41,9,2.0,5.0
42,4,38.0,5.0
42,5,42.68684793678776,4.268684793678777
42,6,28.0,5.0
42,7,8.0,5.0
42,8,24.77617851300795,2.4776178513007956
42,9,3.0,5.0
43,4,39.0,5.0
43,5,43.28387025091375,4.328387025091376
43,6,29.0,5.0
43,7,9.0,5.0
43,8,25.373200827133942,2.537320082713395
43,9,4.0,5.0
44,4,40.0,5.0
44,5,43.880892565039744,4.388089256503975
44,6,30.0,5.0
44,7,10.0,5.0
44,8,25.970223141259936,2.5970223141259945
44,9,5.0,5.0
45,4,41.0,5.0
45,5,44.47791487916574,4.447791487916574
45,6,31.0,5.0
45,7,11.0,5.0
45,8,26.56724545538593,2.656724545538594
45,9,6.0,5.0
45,10,1.0,5.0
46,4,42.0,5.0
46,5,45.07493719329173,4.507493719329173
46,6,32.0,5.0
46,7,12.0,5.0
46,8,27.164267769511923,2.7164267769511934
46,9,7.0,5.0
46,10,2.0,5.0
47,4,43.0,5.0
47,5,45.671959507417725,4.567195950741772
47,6,33.0,5.0
47,7,13.0,5.0
47,8,27.761290083637917,2.776129008363793
47,9,8.0,5.0
47,10,3.0,5.0
48,4,43.0,5.0
48,5,46.26898182154372,4.626898182154371
48,6,34.0,5.0
48,7,14.0,5.0
48,8,28.35831239776391,2.8358312397763923
48,9,9.0,5.0
48,10,4.0,5.0
49,4,44.0,5.0
49,5,46.86600413566971,4.68660041356697
49,6,35.0,5.0
49,7,15.0,5.0
49,8,28.955334711889904,2.8955334711889917
49,9,10.0,5.0
49,10,5.0,5.0
50,4,44.0,5.0
50,5,47.463026449795706,4.746302644979569
50,6,36.0,5.0
50,7,16.0,5.0
50,8,29.552357026015898,2.955235702601591
50,9,11.0,5.0
50,10,6.0,5.0
51,4,45.0,5.0
51,5,48.0600487639217,4.806004876392168
51,6,37.0,5.0
51,7,17.0,5.0
51,8,30.14937934014189,3.0149379340141906
51,9,12.0,5.0
51,10,7.0,5.0
52,4,46.0,5.0
52,5,48.65707107804769,4.865707107804767
52,6,38.0,5.0
52,7,18.0,5.0
52,8,30.746401654267885,3.07464016542679
52,9,13.0,5.0
52,10,8.0,5.0
53,4,46.0,5.0
53,5,49.25409339217369,4.925409339217366
53,6,39.0,5.0
53,7,19.0,5.0
53,8,31.34342396839388,3.1343423968393895
53,9,14.0,5.0
53,10,9.0,5.0
54,4,47.0,5.0
54,5,49.85111570629968,4.985111570629965
54,6,40.0,5.0
54,7,20.0,5.0
54,8,31.940446282519872,3.194044628251989
54,9,15.0,5.0
54,10,10.0,5.0
55,4,47.0,5.0
55,5,50.448138020425674,5.0
55,6,41.0,5.0
55,7,21.0,5.0
55,8,32.537468596645866,3.2537468596645884
55,9,16.0,5.0
55,10,11.0,5.0
55,11,1.0,5.0
56,4,48.0,5.0
56,5,51.44743999016323,5.0
56,6,42.0,5.0
56,7,22.0,5.0
56,8,33.13449091077186,3.313449091077188
56,9,17.0,5.0
56,10,12.0,5.0
56,11,2.0,5.0
57,4,49.0,5.0
57,5,52.44726546736852,5.0
57,6,43.0,5.0
57,7,23.0,5.0
57,8,33.73151322489785,3.3731513224897873
57,9,18.0,5.0
57,10,13.0,5.0
57,11,3.0,5.0
58,4,50.0,5.0
58,5,53.447221835717976,5.0
58,6,44.0,5.0
58,7,24.0,5.0
58,8,34.32853553902385,3.432853553902387
58,9,19.0,5.0
58,10,14.0,5.0
58,11,4.0,5.0
59,4,51.0,5.0
59,5,54.44721092774585,5.0
59,6,45.0,5.0
59,7,25.0,5.0
59,8,34.92555785314984,3.4925557853149862
59,9,20.0,5.0
59,10,15.0,5.0
59,11,5.0,5.0
60,4,52.0,5.0
60,5,55.4472082007491,5.0
60,6,46.0,5.0
60,7,26.0,5.0
60,8,35.522580167275834,3.5522580167275857
60,9,21.0,5.0
60,10,16.0,5.0
60,11,6.0,5.0
61,4,53.0,5.0
61,5,56.44720751899968,5.0
61,6,47.0,5.0
61,7,27.0,5.0
61,8,36.11960248140183,3.611960248140185
61,9,22.0,5.0
61,10,17.0,5.0
61,11,7.0,5.0
62,4,54.0,5.0
62,5,57.447207348562316,5.0
62,6,48.0,5.0
62,7,28.0,5.0
62,8,36.71662479552782,3.6716624795527846
62,9,23.0,5.0
62,10,18.0,5.0
62,11,8.0,5.0
63,4,55.0,5.0
63,5,58.44720730595297,5.0
63,6,49.0,5.0
63,7,29.0,5.0
63,8,37.313647109653814,3.731364710965384
63,9,24.0,5.0
63,10,19.0,5.0
63,11,9.0,5.0
64,4,56.0,5.0
64,5,59.447207295300636,5.0
64,6,50.0,5.0
64,7,30.0,5.0
64,8,37.91066942377981,3.7910669423779835
64,9,25.0,5.0
64,10,20.0,5.0
64,11,10.0,5.0
65,4,57.0,5.0
65,5,60.44720729263755,5.0
65,6,51.0,5.0
65,7,31.0,5.0
65,8,38.5076917379058,3.850769173790583
65,9,26.0,5.0
65,10,21.0,5.0
65,11,11.0,5.0
65,12,1.0,5.0
66,4,58.0,5.0
66,5,61.44720729197178,5.0
66,6,52.0,5.0
66,7,32.0,5.0
66,8,39.104714052031795,3.9104714052031824
66,9,27.0,5.0
66,10,22.0,5.0
66,11,12.0,5.0
66,12,2.0,5.0
67,4,59.0,5.0
67,5,62.447207291805334,5.0
67,6,53.0,5.0
67,7,33.0,5.0
67,8,39.70173636615779,3.970173636615782
67,9,28.0,5.0
67,10,23.0,5.0
67,11,13.0,5.0
67,12,3.0,5.0
68,4,60.0,5.0
68,5,63.447207291763725,5.0
68,6,54.0,5.0
68,7,34.0,5.0
68,8,40.29875868028378,4.029875868028381
68,9,29.0,5.0
68,10,24.0,5.0
68,11,14.0,5.0
68,12,4.0,5.0
69,4,61.0,5.0
69,5,64.44720729175332,5.0
69,6,55.0,5.0
69,7,35.0,5.0
69,8,40.895780994409776,4.08957809944098
69,9,30.0,5.0
69,10,25.0,5.0
69,11,15.0,5.0
69,12,5.0,5.0
70,4,62.0,5.0
70,5,65.44720729175071,5.0
70,6,56.0,5.0
70,7,36.0,5.0
70,8,41.49280330853577,4.149280330853579
70,9,31.0,5.0
70,10,26.0,5.0
70,11,16.0,5.0
70,12,6.0,5.0
70,13,1.0,5.0
71,4,63.0,5.0
71,5,66.44720729175006,5.0
71,6,57.0,5.0
71,7,37.0,5.0
71,8,42.08982562266176,4.208982562266178
71,9,32.0,5.0
71,10,27.0,5.0
71,11,17.0,5.0
71,12,7.0,5.0
71,13,2.0,5.0
72,4,64.0,5.0
72,5,67.4472072917499,5.0
72,6,58.0,5.0
72,7,38.0,5.0
72,8,42.68684793678776,4.268684793678777
72,9,33.0,5.0
72,10,28.0,5.0
72,11,18.0,5.0
72,12,8.0,5.0
72,13,3.0,5.0
73,4,65.0,5.0
73,5,68.44720729174986,5.0
73,6,59.0,5.0
73,7,39.0,5.0
73,8,43.28387025091375,4.328387025091376
73,9,34.0,5.0
73,10,29.0,5.0
73,11,19.0,5.0
73,12,9.0,5.0
73,13,4.0,5.0
74,4,66.0,5.0
74,5,69.44720729174985,5.0
74,6,60.0,5.0
74,7,40.0,5.0
74,8,43.880892565039744,4.388089256503975
74,9,35.0,5.0
74,10,30.0,5.0
74,11,20.0,5.0
74,12,10.0,5.0
74,13,5.0,5.0
75,4,67.0,5.0
75,5,70.44720729174985,5.0
75,6,61.0,5.0
75,7,41.0,5.0
75,8,44.47791487916574,4.447791487916574
75,9,36.0,5.0
75,10,31.0,5.0
75,11,21.0,5.0
75,12,11.0,5.0
75,13,6.0,5.0
75,14,1.0,5.0
76,4,68.0,5.0
76,5,71.44720729174985,5.0
76,6,62.0,5.0
76,7,42.0,5.0
76,8,45.07493719329173,4.507493719329173
76,9,37.0,5.0
76,10,32.0,5.0
76,11,22.0,5.0
76,12,12.0,5.0
76,13,7.0,5.0
76,14,2.0,5.0
77,4,69.0,5.0
77,5,72.44720729174985,5.0
77,6,63.0,5.0
77,7,43.0,5.0
77,8,45.671959507417725,4.567195950741772
77,9,38.0,5.0
77,10,33.0,5.0
77,11,23.0,5.0
77,12,13.0,5.0
77,13,8.0,5.0
77,14,3.0,5.0
78,4,70.0,5.0
78,5,73.44720729174985,5.0
78,6,64.0,5.0
78,7,43.0,5.0
78,8,46.26898182154372,4.626898182154371
78,9,39.0,5.0
78,10,34.0,5.0
78,11,24.0,5.0
78,12,14.0,5.0
78,13,9.0,5.0
78,14,4.0,5.0
79,4,71.0,5.0
79,5,74.44720729174985,5.0
79,6,65.0,5.0
79,7,44.0,5.0
79,8,46.86600413566971,4.68660041356697
79,9,40.0,5.0
79,10,35.0,5.0
79,11,25.0,5.0
79,12,15.0,5.0
79,13,10.0,5.0
79,14,5.0,5.0
80,4,72.0,5.0
80,5,75.44720729174985,5.0
80,6,66.0,5.0
80,7,44.0,5.0
80,8,47.463026449795706,4.746302644979569
80,9,41.0,5.0
80,10,36.0,5.0
80,11,26.0,5.0
80,12,16.0,5.0
80,13,11.0,5.0
80,14,6.0,5.0
80,15,1.0,5.0
81,4,73.0,5.0
81,5,76.44720729174985,5.0
81,6,67.0,5.0
81,7,45.0,5.0
81,8,48.0600487639217,4.806004876392168
81,9,42.0,5.0
81,10,37.0,5.0
81,11,27.0,5.0
81,12,17.0,5.0
81,13,12.0,5.0
81,14,7.0,5.0
81,15,2.0,5.0
82,4,74.0,5.0
82,5,77.44720729174985,5.0
82,6,68.0,5.0
82,7,46.0,5.0
82,8,48.65707107804769,4.865707107804767
82,9,43.0,5.0
82,10,38.0,5.0
82,11,28.0,5.0
82,12,18.0,5.0
82,13,13.0,5.0
82,14,8.0,5.0
82,15,3.0,5.0
83,4,75.0,5.0
83,5,78.44720729174985,5.0
83,6,69.0,5.0
83,7,46.0,5.0
83,8,49.25409339217369,4.925409339217366
83,9,44.0,5.0
83,10,39.0,5.0
83,11,29.0,5.0
83,12,19.0,5.0
83,13,14.0,5.0
83,14,9.0,5.0
83,15,4.0,5.0
84,4,76.0,5.0
84,5,79.44720729174985,5.0
84,6,70.0,5.0
84,7,47.0,5.0
84,8,49.85111570629968,4.985111570629965
84,9,45.0,5.0
84,10,40.0,5.0
84,11,30.0,5.0
84,12,20.0,5.0
84,13,15.0,5.0
84,14,10.0,5.0
84,15,5.0,5.0
85,4,77.0,5.0
85,5,80.44720729174985,5.0
85,6,71.0,5.0
85,7,47.0,5.0
85,8,50.448138020425674,5.0
85,9,45.0,5.0
85,10,41.0,5.0
85,11,31.0,5.0
85,12,21.0,5.0
85,13,16.0,5.0
85,14,11.0,5.0
85,15,6.0,5.0
85,16,1.0,5.0
86,4,78.0,5.0
86,5,81.44720729174985,5.0
86,6,72.0,5.0
86,7,48.0,5.0
86,8,51.44743999016323,5.0
86,9,46.0,5.0
86,10,42.0,5.0
86,11,32.0,5.0
86,12,21.6,5.0
86,13,16.6,5.0
86,14,11.6,5.0
86,15,6.6,5.0
86,16,1.6,5.0
87,4,79.0,5.0
87,5,82.44720729174985,5.0
87,6,73.0,5.0
87,7,49.0,5.0
87,8,52.44726546736852,5.0
87,9,47.0,5.0
87,10,43.0,5.0
87,11,33.0,5.0
87,12,22.200000000000003,5.0
87,13,17.200000000000003,5.0
87,14,12.2,5.0
87,15,7.199999999999999,5.0
87,16,2.2,5.0
88,4,80.0,5.0
88,5,83.44720729174985,5.0
88,6,74.0,5.0
88,7,50.0,5.0
88,8,53.447221835717976,5.0
88,9,48.0,5.0
88,10,44.0,5.0
88,11,34.0,5.0
88,12,22.800000000000004,5.0
88,13,17.800000000000004,5.0
88,14,12.799999999999999,5.0
88,15,7.799999999999999,5.0
88,16,2.8000000000000003,5.0
89,4,81.0,5.0
89,5,84.44720729174985,5.0
89,6,75.0,5.0
89,7,51.0,5.0
89,8,54.44721092774585,5.0
89,9,49.0,5.0
89,10,45.0,5.0
89,11,35.0,5.0
89,12,23.400000000000006,5.0
89,13,18.400000000000006,5.0
89,14,13.399999999999999,5.0
89,15,8.399999999999999,5.0
89,16,3.4000000000000004,5.0
90,4,82.0,5.0
90,5,85.44720729174985,5.0
90,6,76.0,5.0
90,7,52.0,5.0
90,8,55.4472082007491,5.0
90,9,50.0,5.0
90,10,46.0,5.0
90,11,36.0,5.0
90,12,24.000000000000007,5.0
90,13,19.000000000000007,5.0
90,14,13.999999999999998,5.0
90,15,8.999999999999998,5.0
90,16,4.0,5.0
91,4,83.0,5.0
91,5,86.44720729174985,5.0
91,6,77.0,5.0
91,7,53.0,5.0
91,8,56.44720751899968,5.0
91,9,51.0,5.0
91,10,47.0,5.0
91,11,37.0,5.0
91,12,25.000000000000007,5.0
91,13,20.000000000000007,5.0
91,14,14.999999999999998,5.0
91,15,9.999999999999998,5.0
91,16,5.0,5.0
92,4,84.0,5.0
92,5,87.44720729174985,5.0
92,6,78.0,5.0
92,7,54.0,5.0
92,8,57.447207348562316,5.0
92,9,52.0,5.0
92,10,48.0,5.0
92,11,38.0,5.0
92,12,26.000000000000007,5.0
92,13,21.000000000000007,5.0
92,14,15.999999999999998,5.0
92,15,10.999999999999998,5.0
92,16,6.0,5.0
93,4,85.0,5.0
93,5,88.44720729174985,5.0
93,6,79.0,5.0
93,7,55.0,5.0
93,8,58.44720730595297,5.0
93,9,53.0,5.0
93,10,49.0,5.0
93,11,39.0,5.0
93,12,27.000000000000007,5.0
93,13,22.000000000000007,5.0
93,14,17.0,5.0
93,15,11.999999999999998,5.0
93,16,7.0,5.0
94,4,86.0,5.0
94,5,89.44720729174985,5.0
94,6,80.0,5.0
94,7,56.0,5.0
94,8,59.447207295300636,5.0
94,9,54.0,5.0
94,10,50.0,5.0
94,11,40.0,5.0
94,12,28.000000000000007,5.0
94,13,23.000000000000007,5.0
94,14,18.0,5.0
94,15,12.999999999999998,5.0
94,16,8.0,5.0
95,4,87.0,5.0
95,5,90.44720729174985,5.0
95,6,81.0,5.0
95,7,57.0,5.0
95,8,60.44720729263755,5.0
95,9,55.0,5.0
95,10,51.0,5.0
95,11,41.0,5.0
95,12,29.000000000000007,5.0
95,13,24.000000000000007,5.0
95,14,19.0,5.0
95,15,13.999999999999998,5.0
95,16,9.0,5.0
95,17,20.597022314125994,2.0597022314125994
96,4,88.0,5.0
96,5,91.44720729174985,5.0
96,6,82.0,5.0
96,7,58.0,5.0
96,8,61.44720729197178,5.0
96,9,56.0,5.0
96,10,52.0,5.0
96,11,42.0,5.0
96,12,30.000000000000007,5.0
96,13,25.000000000000007,5.0
96,14,20.0,5.0
96,15,14.999999999999998,5.0
96,16,10.0,5.0
96,17,21.194044628251987,2.119404462825199
97,4,89.0,5.0
97,5,92.44720729174985,5.0
97,6,83.0,5.0
97,7,59.0,5.0
97,8,62.447207291805334,5.0
97,9,57.0,5.0
97,10,53.0,5.0
97,11,43.0,5.0
97,12,31.000000000000007,5.0
97,13,26.000000000000007,5.0
97,14,21.0,5.0
97,15,15.999999999999998,5.0
97,16,11.0,5.0
97,17,21.79106694237798,2.1791066942377983
98,4,90.0,5.0
98,5,93.44720729174985,5.0
98,6,84.0,5.0
98,7,60.0,5.0
98,8,63.447207291763725,5.0
98,9,58.0,5.0
98,10,54.0,5.0
98,11,44.0,5.0
98,12,32.00000000000001,5.0
98,13,27.000000000000007,5.0
98,14,22.0,5.0
98,15,17.0,5.0
98,16,12.0,5.0
98,17,22.388089256503974,2.238808925650398
99,4,91.0,5.0
99,5,94.44720729174985,5.0
99,6,85.0,5.0
99,7,61.0,5.0
99,8,64.44720729175332,5.0
99,9,59.0,5.0
99,10,55.0,5.0
99,11,45.0,5.0
99,12,33.00000000000001,5.0
99,13,28.000000000000007,5.0
99,14,23.0,5.0
99,15,18.0,5.0
99,16,13.0,5.0
99,17,22.985111570629968,2.2985111570629972
100,4,92.0,5.0
100,5,95.44720729174985,5.0
100,6,86.0,5.0
100,7,62.0,5.0
100,8,65.44720729175071,5.0
100,9,60.0,5.0
100,10,56.0,5.0
100,11,46.0,5.0
100,12,34.00000000000001,5.0
100,13,29.000000000000007,5.0
100,14,24.0,5.0
100,15,19.0,5.0
100,16,14.0,5.0
100,17,23.58213388475596,2.3582133884755967
100,18,1.0,5.0
101,4,93.0,5.0
101,5,96.44720729174985,5.0
101,6,87.0,5.0
101,7,63.0,5.0
101,8,66.44720729175006,5.0
101,9,61.0,5.0
101,10,57.0,5.0
101,11,47.0,5.0
101,12,35.00000000000001,5.0
101,13,30.000000000000007,5.0
101,14,25.0,5.0
101,15,20.0,5.0
101,16,15.0,5.0
101,17,24.179156198881955,2.417915619888196
101,18,2.0,5.0
102,4,94.0,5.0
102,5,97.44720729174985,5.0
102,6,88.0,5.0
102,7,64.0,5.0
102,8,67.4472072917499,5.0
102,9,62.0,5.0
102,10,58.0,5.0
102,11,48.0,5.0
102,12,36.00000000000001,5.0
102,13,31.000000000000007,5.0
102,14,26.0,5.0
102,15,21.0,5.0
102,16,16.0,5.0
102,17,24.77617851300795,2.4776178513007956
102,18,3.0,5.0
103,4,95.0,5.0
103,5,98.44720729174985,5.0
103,6,89.0,5.0
103,7,65.0,5.0
103,8,68.44720729174986,5.0
103,9,63.0,5.0
103,10,59.0,5.0
103,11,49.0,5.0
103,12,37.00000000000001,5.0
103,13,32.00000000000001,5.0
103,14,27.0,5.0
103,15,22.0,5.0
103,16,17.0,5.0
103,17,25.373200827133942,2.537320082713395
103,18,4.0,5.0
104,4,96.0,5.0
104,5,99.44720729174985,5.0
104,6,90.0,5.0
104,7,66.0,5.0
104,8,69.44720729174985,5.0
104,9,64.0,5.0
104,10,60.0,5.0
104,11,50.0,5.0
104,12,38.00000000000001,5.0
104,13,33.00000000000001,5.0
104,14,28.0,5.0
104,15,23.0,5.0
104,16,18.0,5.0
104,17,25.970223141259936,2.5970223141259945
104,18,5.0,5.0
105,4,97.0,5.0
105,6,91.0,5.0
105,7,67.0,5.0
105,8,70.44720729174985,5.0
105,9,65.0,5.0
105,10,61.0,5.0
105,11,51.0,5.0
105,12,39.00000000000001,5.0
105,13,34.00000000000001,5.0
105,14,29.0,5.0
105,15,24.0,5.0
105,16,19.0,5.0
105,17,26.56724545538593,2.656724545538594
105,18,6.0,5.0
106,4,98.0,5.0
106,6,92.0,5.0
106,7,68.0,5.0
106,8,71.44720729174985,5.0
106,9,66.0,5.0
106,10,62.0,5.0
106,11,52.0,5.0
106,12,40.00000000000001,5.0
106,13,35.00000000000001,5.0
106,14,30.0,5.0
106,15,25.0,5.0
106,16,20.0,5.0
106,17,27.164267769511923,2.7164267769511934
106,18,7.0,5.0
107,4,99.0,5.0
107,6,93.0,5.0
107,7,69.0,5.0
107,8,72.44720729174985,5.0
107,9,67.0,5.0
107,10,63.0,5.0
107,11,53.0,5.0
107,12,41.00000000000001,5.0
107,13,36.00000000000001,5.0
107,14,31.0,5.0
107,15,26.0,5.0
107,16,21.0,5.0
107,17,27.761290083637917,2.776129008363793
107,18,8.0,5.0
108,4,100.0,5.0
108,6,94.0,5.0
108,7,70.0,5.0
108,8,73.44720729174985,5.0
108,9,68.0,5.0
108,10,64.0,5.0
108,11,54.0,5.0
108,12,42.00000000000001,5.0
108,13,37.00000000000001,5.0
108,14,32.0,5.0
108,15,27.0,5.0
108,16,22.0,5.0
108,17,28.35831239776391,2.8358312397763923
108,18,9.0,5.0
109,6,95.0,5.0
109,7,71.0,5.0
109,8,74.44720729174985,5.0
109,9,69.0,5.0
109,10,65.0,5.0
109,11,55.0,5.0
109,12,43.00000000000001,5.0
109,13,38.00000000000001,5.0
109,14,33.0,5.0
109,15,28.0,5.0
109,16,23.0,5.0
109,17,28.955334711889904,2.8955334711889917
109,18,10.0,5.0
110,6,96.0,5.0
110,7,72.0,5.0
110,8,75.44720729174985,5.0
110,9,70.0,5.0
110,10,66.0,5.0
110,11,56.0,5.0
110,12,44.00000000000001,5.0
110,13,39.00000000000001,5.0
110,14,34.0,5.0
110,15,29.0,5.0
110,16,24.0,5.0
110,17,29.552357026015898,2.955235702601591
110,18,11.0,5.0
110,19,1.0,5.0
111,6,97.0,5.0
111,7,73.0,5.0
111,8,76.44720729174985,5.0
111,9,71.0,5.0
111,10,67.0,5.0
111,11,57.0,5.0
111,12,45.00000000000001,5.0
111,13,40.00000000000001,5.0
111,14,35.0,5.0
111,15,30.0,5.0
111,16,25.0,5.0
111,17,30.14937934014189,3.0149379340141906
111,18,12.0,5.0
111,19,2.0,5.0
112,6,98.0,5.0
112,7,74.0,5.0
112,8,77.44720729174985,5.0
112,9,72.0,5.0
112,10,68.0,5.0
112,11,58.0,5.0
112,12,46.00000000000001,5.0
112,13,41.00000000000001,5.0
112,14,36.0,5.0
112,15,31.0,5.0
112,16,26.0,5.0
112,17,30.746401654267885,3.07464016542679
112,18,13.0,5.0
112,19,3.0,5.0
113,6,99.0,5.0
113,7,75.0,5.0
113,8,78.44720729174985,5.0
113,9,73.0,5.0
113,10,69.0,5.0
113,11,59.0,5.0
113,12,47.00000000000001,5.0
113,13,42.00000000000001,5.0
113,14,37.0,5.0
113,15,32.0,5.0
113,16,27.0,5.0
113,17,31.34342396839388,3.1343423968393895
113,18,14.0,5.0
113,19,4.0,5.0
114,6,100.0,5.0
114,7,76.0,5.0
114,8,79.44720729174985,5.0
114,9,74.0,5.0
114,10,70.0,5.0
114,11,60.0,5.0
114,12,48.00000000000001,5.0
114,13,43.00000000000001,5.0
114,14,38.0,5.0
114,15,33.0,5.0
114,16,28.0,5.0
114,17,31.940446282519872,3.194044628251989
114,18,15.0,5.0
114,19,5.0,5.0
115,7,77.0,5.0
115,8,80.44720729174985,5.0
115,9,75.0,5.0
115,10,71.0,5.0
115,11,61.0,5.0
115,12,49.00000000000001,5.0
115,13,44.00000000000001,5.0
115,14,39.0,5.0
115,15,34.0,5.0
115,16,29.0,5.0
115,17,32.537468596645866,3.2537468596645884
115,18,16.0,5.0
115,19,6.0,5.0
115,20,20.597022314125994,2.0597022314125994
116,7,78.0,5.0
116,8,81.44720729174985,5.0
116,9,76.0,5.0
116,10,72.0,5.0
116,11,62.0,5.0
116,12,50.00000000000001,5.0
116,13,45.00000000000001,5.0
116,14,40.0,5.0
116,15,35.0,5.0
116,16,30.0,5.0
116,17,33.13449091077186,3.313449091077188
116,18,17.0,5.0
116,19,7.0,5.0
116,20,21.194044628251987,2.119404462825199
117,7,79.0,5.0
117,8,82.44720729174985,5.0
117,9,77.0,5.0
117,10,73.0,5.0
117,11,63.0,5.0
117,12,51.00000000000001,5.0
117,13,46.00000000000001,5.0
117,14,41.0,5.0
117,15,36.0,5.0
117,16,31.0,5.0
117,17,33.73151322489785,3.3731513224897873
117,18,18.0,5.0
117,19,8.0,5.0
117,20,21.79106694237798,2.1791066942377983
118,7,80.0,5.0
118,8,83.44720729174985,5.0
118,9,78.0,5.0
118,10,74.0,5.0
118,11,64.0,5.0
118,12,52.00000000000001,5.0
118,13,47.00000000000001,5.0
118,14,42.0,5.0
118,15,37.0,5.0
118,16,32.0,5.0
118,17,34.32853553902385,3.432853553902387
118,18,19.0,5.0
118,19,9.0,5.0
118,20,22.388089256503974,2.238808925650398
119,7,81.0,5.0
119,8,84.44720729174985,5.0
119,9,79.0,5.0
119,10,75.0,5.0
119,11,65.0,5.0
119,12,53.00000000000001,5.0
119,13,48.00000000000001,5.0
119,14,43.0,5.0
119,15,38.0,5.0
119,16,33.0,5.0
119,17,34.92555785314984,3.4925557853149862
119,18,20.0,5.0
119,19,10.0,5.0
119,20,22.985111570629968,2.2985111570629972
120,7,82.0,5.0
120,8,85.44720729174985,5.0
120,9,80.0,5.0
120,10,76.0,5.0
120,11,66.0,5.0
120,12,54.00000000000001,5.0
120,13,49.00000000000001,5.0
120,14,44.0,5.0
120,15,39.0,5.0
120,16,34.0,5.0
120,17,35.522580167275834,3.5522580167275857
120,18,21.0,5.0
120,19,11.0,5.0
120,20,23.58213388475596,2.3582133884755967
120,21,1.0,5.0
121,7,83.0,5.0
121,8,86.44720729174985,5.0
121,9,81.0,5.0
121,10,77.0,5.0
121,11,67.0,5.0
121,12,55.00000000000001,5.0
121,13,50.00000000000001,5.0
121,14,45.0,5.0
121,15,40.0,5.0
121,16,35.0,5.0
121,17,36.11960248140183,3.611960248140185
121,18,22.0,5.0
121,19,12.0,5.0
121,20,24.179156198881955,2.417915619888196
121,21,2.0,5.0
122,7,84.0,5.0
122,8,87.44720729174985,5.0
122,9,82.0,5.0
122,10,78.0,5.0
122,11,68.0,5.0
122,12,56.00000000000001,5.0
122,13,51.00000000000001,5.0
122,14,46.0,5.0
122,15,41.0,5.0
122,16,36.0,5.0
122,17,36.71662479552782,3.6716624795527846
122,18,23.0,5.0
122,19,13.0,5.0
122,20,24.77617851300795,2.4776178513007956
122,21,3.0,5.0
123,7,85.0,5.0
123,8,88.44720729174985,5.0
123,9,83.0,5.0
123,10,79.0,5.0
123,11,69.0,5.0
123,12,57.00000000000001,5.0
123,13,52.00000000000001,5.0
123,14,47.0,5.0
123,15,42.0,5.0
123,16,37.0,5.0
123,17,37.313647109653814,3.731364710965384
123,18,24.0,5.0
123,19,14.0,5.0
123,20,25.373200827133942,2.537320082713395
123,21,4.0,5.0
124,7,86.0,5.0
124,8,89.44720729174985,5.0
124,9,84.0,5.0
124,10,80.0,5.0
124,11,70.0,5.0
124,12,58.00000000000001,5.0
124,13,53.00000000000001,5.0
124,14,48.0,5.0
124,15,43.0,5.0
124,16,38.0,5.0
124,17,37.91066942377981,3.7910669423779835
124,18,25.0,5.0
124,19,15.0,5.0
124,20,25.970223141259936,2.5970223141259945
124,21,5.0,5.0
125,7,87.0,5.0
125,8,90.44720729174985,5.0
125,9,85.0,5.0
125,10,81.0,5.0
125,11,71.0,5.0
125,12,59.00000000000001,5.0
125,13,54.00000000000001,5.0
125,14,49.0,5.0
125,15,44.0,5.0
125,16,39.0,5.0
125,17,38.5076917379058,3.850769173790583
125,18,26.0,5.0
125,19,16.0,5.0
125,20,26.56724545538593,2.656724545538594
125,21,6.0,5.0
125,22,20.328362272769297,2.03283622727693
126,7,88.0,5.0
126,8,91.44720729174985,5.0
126,9,86.0,5.0
126,10,82.0,5.0
126,11,72.0,5.0
126,12,60.00000000000001,5.0
126,13,55.00000000000001,5.0
126,14,50.0,5.0
126,15,45.0,5.0
126,16,40.0,5.0
126,17,39.104714052031795,3.9104714052031824
126,18,27.0,5.0
126,19,17.0,5.0
126,20,27.164267769511923,2.7164267769511934
126,21,7.0,5.0
126,22,20.656724545538594,2.0656724545538596
127,7,89.0,5.0
127,8,92.44720729174985,5.0
127,9,87.0,5.0
127,10,83.0,5.0
127,11,73.0,5.0
127,12,61.00000000000001,5.0
127,13,56.00000000000001,5.0
127,14,51.0,5.0
127,15,46.0,5.0
127,16,41.0,5.0
127,17,39.70173636615779,3.970173636615782
127,18,28.0,5.0
127,19,18.0,5.0
127,20,27.761290083637917,2.776129008363793
127,21,8.0,5.0
127,22,20.98508681830789,2.0985086818307894
128,7,90.0,5.0
128,8,93.44720729174985,5.0
128,9,88.0,5.0
128,10,84.0,5.0
128,11,74.0,5.0
128,12,62.00000000000001,5.0
128,13,57.00000000000001,5.0
128,14,52.0,5.0
128,15,47.0,5.0
128,16,42.0,5.0
128,17,40.29875868028378,4.029875868028381
128,18,29.0,5.0
128,19,19.0,5.0
128,20,28.35831239776391,2.8358312397763923
128,21,9.0,5.0
128,22,21.31344909107719,2.1313449091077192
129,7,91.0,5.0
129,8,94.44720729174985,5.0
129,9,89.0,5.0
129,10,85.0,5.0
129,11,75.0,5.0
129,12,63.00000000000001,5.0
129,13,58.00000000000001,5.0
129,14,53.0,5.0
129,15,48.0,5.0
129,16,43.0,5.0
129,17,40.29875868028378,4.029875868028381
129,18,30.0,5.0
129,19,20.0,5.0
129,20,28.955334711889904,2.8955334711889917
129,21,10.0,5.0
129,22,21.641811363846486,2.164181136384649
130,7,92.0,5.0
130,8,95.44720729174985,5.0
130,9,90.0,5.0
130,10,86.0,5.0
130,11,76.0,5.0
130,12,64.0,5.0
130,13,59.00000000000001,5.0
130,14,54.0,5.0
130,15,49.0,5.0
130,16,44.0,5.0
130,17,40.895780994409776,4.08957809944098
130,18,31.0,5.0
130,19,21.0,5.0
130,20,29.552357026015898,2.955235702601591
130,21,11.0,5.0
130,22,21.970173636615783,2.197017363661579
130,23,1.0,5.0
131,7,93.0,5.0
131,8,96.44720729174985,5.0
131,9,91.0,5.0
131,10,87.0,5.0
131,11,77.0,5.0
131,12,65.0,5.0
131,13,60.00000000000001,5.0
131,14,55.0,5.0
131,15,50.0,5.0
131,16,45.0,5.0
131,17,41.49280330853577,4.149280330853579
131,18,32.0,5.0
131,19,22.0,5.0
131,20,30.14937934014189,3.0149379340141906
131,21,12.0,5.0
131,22,22.29853590938508,2.2298535909385087
131,23,2.0,5.0
132,7,94.0,5.0
132,8,97.44720729174985,5.0
132,9,92.0,5.0
132,10,88.0,5.0
132,11,78.0,5.0
132,12,66.0,5.0
132,13,61.00000000000001,5.0
132,14,56.0,5.0
132,15,51.0,5.0
132,16,46.0,5.0
132,17,42.08982562266176,4.208982562266178
132,18,33.0,5.0
132,19,23.0,5.0
132,20,30.746401654267885,3.07464016542679
132,21,13.0,5.0
132,22,22.626898182154378,2.2626898182154385
132,23,3.0,5.0
133,7,95.0,5.0
133,8,98.44720729174985,5.0
133,9,93.0,5.0
133,10,89.0,5.0
133,11,79.0,5.0
133,12,67.0,5.0
133,13,62.00000000000001,5.0
133,14,57.0,5.0
133,15,52.0,5.0
133,16,47.0,5.0
133,17,42.68684793678776,4.268684793678777
133,18,34.0,5.0
133,19,24.0,5.0
133,20,31.34342396839388,3.1343423968393895
133,21,14.0,5.0
133,22,22.955260454923675,2.2955260454923683
133,23,4.0,5.0
134,7,96.0,5.0
134,8,99.44720729174985,5.0
134,9,94.0,5.0
134,10,90.0,5.0
134,11,80.0,5.0
134,12,68.0,5.0
134,13,63.00000000000001,5.0
134,14,58.0,5.0
134,15,53.0,5.0
134,16,48.0,5.0
134,17,43.28387025091375,4.328387025091376
134,18,35.0,5.0
134,19,25.0,5.0
134,20,31.940446282519872,3.194044628251989
134,21,15.0,5.0
134,22,23.283622727692972,2.328362272769298
134,23,5.0,5.0
135,7,97.0,5.0
135,9,95.0,5.0
135,10,91.0,5.0
135,11,81.0,5.0
135,12,69.0,5.0
135,13,64.0,5.0
135,14,59.0,5.0
135,15,54.0,5.0
135,16,49.0,5.0
135,17,43.880892565039744,4.388089256503975
135,18,36.0,5.0
135,19,26.0,5.0
135,20,32.537468596645866,3.2537468596645884
135,21,16.0,5.0
135,22,23.61198500046227,2.361198500046228
135,23,6.0,5.0
135,24,1.0,5.0
136,7,98.0,5.0
136,9,96.0,5.0
136,10,92.0,5.0
136,11,82.0,5.0
136,12,70.0,5.0
136,13,65.0,5.0
136,14,60.0,5.0
136,15,55.0,5.0
136,16,50.0,5.0
136,17,44.47791487916574,4.447791487916574
136,18,37.0,5.0
136,19,27.0,5.0
136,20,33.13449091077186,3.313449091077188
136,21,17.0,5.0
136,22,23.940347273231566,2.3940347273231577
136,23,7.0,5.0
136,24,2.0,5.0
137,7,99.0,5.0
137,9,97.0,5.0
137,10,93.0,5.0
137,11,83.0,5.0
137,12,71.0,5.0
137,13,66.0,5.0
137,14,61.0,5.0
137,15,56.0,5.0
137,16,51.0,5.0
137,17,45.07493719329173,4.507493719329173
137,18,38.0,5.0
137,19,28.0,5.0
137,20,33.73151322489785,3.3731513224897873
137,21,18.0,5.0
137,22,24.268709546000863,2.4268709546000875
137,23,8.0,5.0
137,24,3.0,5.0
138,7,100.0,5.0
138,9,98.0,5.0
138,10,94.0,5.0
138,11,84.0,5.0
138,12,72.0,5.0
138,13,67.0,5.0
138,14,62.0,5.0
138,15,57.0,5.0
138,16,52.0,5.0
138,17,45.671959507417725,4.567195950741772
138,18,39.0,5.0
138,19,29.0,5.0
138,20,34.32853553902385,3.432853553902387
138,21,19.0,5.0
138,22,24.59707181877016,2.4597071818770173
138,23,9.0,5.0
138,24,4.0,5.0
139,9,99.0,5.0
139,10,95.0,5.0
139,11,85.0,5.0
139,12,73.0,5.0
139,13,68.0,5.0
139,14,63.0,5.0
139,15,58.0,5.0
139,16,53.0,5.0
139,17,46.26898182154372,4.626898182154371
139,18,40.0,5.0
139,19,30.0,5.0
139,20,34.92555785314984,3.4925557853149862
139,21,20.0,5.0
139,22,24.925434091539458,2.492543409153947
139,23,10.0,5.0
139,24,5.0,5.0
140,9,100.0,5.0
140,10,96.0,5.0
140,11,86.0,5.0
140,12,74.0,5.0
140,13,69.0,5.0
140,14,64.0,5.0
140,15,59.0,5.0
140,16,54.0,5.0
140,17,46.86600413566971,4.68660041356697
140,18,41.0,5.0
140,19,31.0,5.0
140,20,35.522580167275834,3.5522580167275857
140,21,21.0,5.0
140,22,25.253796364308755,2.525379636430877
140,23,11.0,5.0
140,24,6.0,5.0
140,25,1.0,5.0
140,26,20.597022314125994,2.0597022314125994
141,10,97.0,5.0
141,11,87.0,5.0
141,12,75.0,5.0
141,13,70.0,5.0
141,14,65.0,5.0
141,15,60.0,5.0
141,16,55.0,5.0
141,17,47.463026449795706,4.746302644979569
141,18,42.0,5.0
141,19,32.0,5.0
141,20,36.11960248140183,3.611960248140185
141,21,22.0,5.0
141,22,25.582158637078052,2.5582158637078067
141,23,12.0,5.0
141,24,7.0,5.0
141,25,2.0,5.0
141,26,21.194044628251987,2.119404462825199
142,10,98.0,5.0
142,11,88.0,5.0
142,12,76.0,5.0
142,13,71.0,5.0
142,14,66.0,5.0
142,15,61.0,5.0
142,16,56.0,5.0
142,17,48.0600487639217,4.806004876392168
142,18,43.0,5.0
142,19,33.0,5.0
142,20,36.71662479552782,3.6716624795527846
142,21,23.0,5.0
142,22,25.91052090984735,2.5910520909847365
142,23,13.0,5.0
142,24,8.0,5.0
142,25,3.0,5.0
142,26,21.79106694237798,2.1791066942377983
143,10,99.0,5.0
143,11,89.0,5.0
143,12,77.0,5.0
143,13,72.0,5.0
143,14,67.0,5.0
143,15,62.0,5.0
143,16,57.0,5.0
143,17,48.65707107804769,4.865707107804767
143,18,44.0,5.0
143,19,34.0,5.0
143,20,37.313647109653814,3.731364710965384
143,21,24.0,5.0
143,22,26.238883182616647,2.6238883182616664
143,23,14.0,5.0
143,24,9.0,5.0
143,25,4.0,5.0
143,26,22.388089256503974,2.238808925650398
144,10,100.0,5.0
144,11,90.0,5.0
144,12,78.0,5.0
144,13,73.0,5.0
144,14,68.0,5.0
144,15,63.0,5.0
144,16,58.0,5.0
144,17,49.25409339217369,4.925409339217366
144,18,45.0,5.0
144,19,35.0,5.0
144,20,37.91066942377981,3.7910669423779835
144,21,25.0,5.0
144,22,26.567245455385944,2.656724545538596
144,23,15.0,5.0
144,24,10.0,5.0
144,25,5.0,5.0
144,26,22.985111570629968,2.2985111570629972
145,11,91.0,5.0
145,12,79.0,5.0
145,13,74.0,5.0
145,14,69.0,5.0
145,15,64.0,5.0
145,16,59.0,5.0
145,17,49.85111570629968,4.985111570629965
145,18,46.0,5.0
145,19,36.0,5.0
145,20,38.5076917379058,3.850769173790583
145,21,26.0,5.0
145,22,26.89560772815524,2.689560772815526
145,23,16.0,5.0
145,24,11.0,5.0
145,25,6.0,5.0
145,26,23.58213388475596,2.3582133884755967
146,11,92.0,5.0
146,12,80.0,5.0
146,13,75.0,5.0
146,14,70.0,5.0
146,15,65.0,5.0
146,16,60.0,5.0
146,17,50.448138020425674,5.0
146,18,47.0,5.0
146,19,37.0,5.0
146,20,39.104714052031795,3.9104714052031824
146,21,27.0,5.0
146,22,27.22397000092454,2.7223970000924558
146,23,17.0,5.0
146,24,12.0,5.0
146,25,7.0,5.0
146,26,24.179156198881955,2.417915619888196
147,11,93.0,5.0
147,12,81.0,5.0
147,13,76.0,5.0
147,14,71.0,5.0
147,15,66.0,5.0
147,16,61.0,5.0
147,17,51.44743999016323,5.0
147,18,48.0,5.0
147,19,38.0,5.0
147,20,39.70173636615779,3.970173636615782
147,21,28.0,5.0
147,22,27.552332273693835,2.7552332273693856
147,23,18.0,5.0
147,24,13.0,5.0
147,25,8.0,5.0
147,26,24.77617851300795,2.4776178513007956
148,11,94.0,5.0
148,12,82.0,5.0
148,13,77.0,5.0
148,14,72.0,5.0
148,15,67.0,5.0
148,16,62.0,5.0
148,17,52.44726546736852,5.0
148,18,49.0,5.0
148,19,39.0,5.0
148,20,40.29875868028378,4.029875868028381
148,21,29.0,5.0
148,22,27.880694546463133,2.7880694546463154
148,23,19.0,5.0
148,24,14.0,5.0
148,25,9.0,5.0
148,26,25.373200827133942,2.537320082713395
149,11,95.0,5.0
149,12,83.0,5.0
149,13,78.0,5.0
149,14,73.0,5.0
149,15,68.0,5.0
149,16,63.0,5.0
149,17,53.447221835717976,5.0
149,18,50.0,5.0
149,19,39.0,5.0
149,20,40.895780994409776,4.08957809944098
149,21,30.0,5.0
149,22,28.20905681923243,2.820905681923245
149,23,20.0,5.0
149,24,15.0,5.0
149,25,10.0,5.0
149,26,25.373200827133942,2.537320082713395
150,11,96.0,5.0
150,12,84.0,5.0
150,13,79.0,5.0
150,14,74.0,5.0
150,15,69.0,5.0
150,16,64.0,5.0
150,17,54.44721092774585,5.0
150,18,51.0,5.0
150,19,39.0,5.0
150,20,41.49280330853577,4.149280330853579
150,21,31.0,5.0
150,22,28.537419092001727,2.853741909200175
150,23,21.0,5.0
150,24,16.0,5.0
150,25,11.0,5.0
150,26,25.970223141259936,2.5970223141259945
150,27,1.0,5.0
151,11,97.0,5.0
151,12,85.0,5.0
151,13,80.0,5.0
151,14,75.0,5.0
151,15,70.0,5.0
151,16,65.0,5.0
151,17,55.4472082007491,5.0
151,18,52.0,5.0
151,19,39.0,5.0
151,20,42.08982562266176,4.208982562266178
151,21,32.0,5.0
151,22,28.865781364771024,2.886578136477105
151,23,22.0,5.0
151,24,17.0,5.0
151,25,12.0,5.0
151,26,25.970223141259936,2.5970223141259945
151,27,2.0,5.0
152,11,98.0,5.0
152,12,86.0,5.0
152,13,81.0,5.0
152,14,76.0,5.0
152,15,71.0,5.0
152,16,66.0,5.0
152,17,56.44720751899968,5.0
152,18,53.0,5.0
152,19,40.0,5.0
152,20,42.68684793678776,4.268684793678777
152,21,33.0,5.0
152,22,29.19414363754032,2.9194143637540346
152,23,23.0,5.0
152,24,18.0,5.0
152,25,13.0,5.0
152,26,26.56724545538593,2.656724545538594
152,27,3.0,5.0
153,11,99.0,5.0
153,12,87.0,5.0
153,13,82.0,5.0
153,14,77.0,5.0
153,15,72.0,5.0
153,16,67.0,5.0
153,17,57.447207348562316,5.0
153,18,54.0,5.0
153,19,40.0,5.0
153,20,43.28387025091375,4.328387025091376
153,21,34.0,5.0
153,22,29.52250591030962,2.9522505910309644
153,23,24.0,5.0
153,24,19.0,5.0
153,25,14.0,5.0
153,26,26.56724545538593,2.656724545538594
153,27,4.0,5.0
154,11,100.0,5.0
154,12,88.0,5.0
154,13,83.0,5.0
154,14,78.0,5.0
154,15,73.0,5.0
154,16,68.0,5.0
154,17,58.44720730595297,5.0
154,18,55.0,5.0
154,19,41.0,5.0
154,20,43.880892565039744,4.388089256503975
154,21,35.0,5.0
154,22,29.850868183078916,2.9850868183078942
154,23,25.0,5.0
154,24,20.0,5.0
154,25,15.0,5.0
154,26,27.164267769511923,2.7164267769511934
154,27,5.0,5.0
155,12,89.0,5.0
155,13,84.0,5.0
155,14,79.0,5.0
155,15,74.0,5.0
155,16,69.0,5.0
155,17,59.447207295300636,5.0
155,18,56.0,5.0
155,19,41.0,5.0
155,20,44.47791487916574,4.447791487916574
155,21,36.0,5.0
155,22,30.179230455848213,3.017923045584824
155,23,26.0,5.0
155,24,21.0,5.0
155,25,16.0,5.0
155,26,27.761290083637917,2.776129008363793
155,27,6.0,5.0
155,28,1.0,5.0
156,12,90.0,5.0
156,13,85.0,5.0
156,14,80.0,5.0
156,15,75.0,5.0
156,16,70.0,5.0
156,17,60.44720729263755,5.0
156,18,57.0,5.0
156,19,42.0,5.0
156,20,45.07493719329173,4.507493719329173
156,21,37.0,5.0
156,22,30.50759272861751,3.050759272861754
156,23,26.8,5.0
156,24,21.8,5.0
156,25,16.8,5.0
156,26,27.761290083637917,2.776129008363793
156,27,6.8,5.0
156,28,1.8,5.0
157,12,91.0,5.0
157,13,86.0,5.0
157,14,81.0,5.0
157,15,76.0,5.0
157,16,71.0,5.0
157,17,61.44720729197178,5.0
157,18,58.0,5.0
157,19,43.0,5.0
157,20,45.671959507417725,4.567195950741772
157,21,38.0,5.0
157,22,30.835955001386807,3.0835955001386837
157,23,27.6,5.0
157,24,22.6,5.0
157,25,17.6,5.0
157,26,28.35831239776391,2.8358312397763923
157,27,7.6,5.0
157,28,2.6,5.0
158,12,92.0,5.0
158,13,87.0,5.0
158,14,82.0,5.0
158,15,77.0,5.0
158,16,72.0,5.0
158,17,62.447207291805334,5.0
158,18,59.0,5.0
158,19,43.0,5.0
158,20,46.26898182154372,4.626898182154371
158,21,39.0,5.0
158,22,31.164317274156105,3.1164317274156135
158,23,28.400000000000002,5.0
158,24,23.400000000000002,5.0
158,25,18.400000000000002,5.0
158,26,28.35831239776391,2.8358312397763923
158,27,8.4,5.0
158,28,3.4000000000000004,5.0
159,12,93.0,5.0
159,13,88.0,5.0
159,14,83.0,5.0
159,15,78.0,5.0
159,16,73.0,5.0
159,17,63.447207291763725,5.0
159,18,60.0,5.0
159,19,44.0,5.0
159,20,46.86600413566971,4.68660041356697
159,21,40.0,5.0
159,22,31.4926795469254,3.1492679546925433
159,23,29.200000000000003,5.0
159,24,24.200000000000003,5.0
159,25,19.200000000000003,5.0
159,26,28.955334711889904,2.8955334711889917
159,27,9.200000000000001,5.0
159,28,4.2,5.0
160,12,94.0,5.0
160,13,89.0,5.0
160,14,84.0,5.0
160,15,79.0,5.0
160,16,74.0,5.0
160,17,64.44720729175332,5.0
160,18,61.0,5.0
160,19,44.0,5.0
160,20,47.463026449795706,4.746302644979569
160,21,41.0,5.0
160,22,31.8210418196947,3.182104181969473
160,23,30.000000000000004,5.0
160,24,25.000000000000004,5.0
160,25,20.000000000000004,5.0
160,26,28.955334711889904,2.8955334711889917
160,27,10.000000000000002,5.0
160,28,5.0,5.0
161,12,95.0,5.0
161,13,90.0,5.0
161,14,85.0,5.0
161,15,80.0,5.0
161,16,75.0,5.0
161,17,65.44720729175071,5.0
161,18,62.0,5.0
161,19,45.0,5.0
161,20,48.0600487639217,4.806004876392168
161,21,42.0,5.0
161,22,32.149404092463996,3.214940409246403
161,23,31.000000000000004,5.0
161,24,25.800000000000004,5.0
161,25,20.800000000000004,5.0
161,26,29.552357026015898,2.955235702601591
161,27,10.800000000000002,5.0
161,28,5.8,5.0
162,12,96.0,5.0
162,13,91.0,5.0
162,14,86.0,5.0
162,15,81.0,5.0
162,16,76.0,5.0
162,17,66.44720729175006,5.0
162,18,63.0,5.0
162,19,46.0,5.0
162,20,48.65707107804769,4.865707107804767
162,21,43.0,5.0
162,22,32.47776636523329,3.2477766365233327
162,23,32.0,5.0
162,24,26.600000000000005,5.0
162,25,21.600000000000005,5.0
162,26,29.552357026015898,2.955235702601591
162,27,11.600000000000003,5.0
162,28,6.6,5.0
163,12,97.0,5.0
163,13,92.0,5.0
163,14,87.0,5.0
163,15,82.0,5.0
163,16,77.0,5.0
163,17,67.4472072917499,5.0
163,18,64.0,5.0
163,19,46.0,5.0
163,20,49.25409339217369,4.925409339217366
163,21,44.0,5.0
163,22,32.80612863800259,3.2806128638002625
163,23,33.0,5.0
163,24,27.400000000000006,5.0
163,25,22.400000000000006,5.0
163,26,30.14937934014189,3.0149379340141906
163,27,12.400000000000004,5.0
163,28,7.3999999999999995,5.0
164,12,98.0,5.0
164,13,93.0,5.0
164,14,88.0,5.0
164,15,83.0,5.0
164,16,78.0,5.0
164,17,68.44720729174986,5.0
164,18,65.0,5.0
164,19,47.0,5.0
164,20,49.85111570629968,4.985111570629965
164,21,45.0,5.0
164,22,33.13449091077189,3.3134490910771923
164,23,34.0,5.0
164,24,28.200000000000006,5.0
164,25,23.200000000000006,5.0
164,26,30.746401654267885,3.07464016542679
164,27,13.200000000000005,5.0
164,28,8.2,5.0
165,12,99.0,5.0
165,13,94.0,5.0
165,14,89.0,5.0
165,15,84.0,5.0
165,16,79.0,5.0
165,17,69.44720729174985,5.0
165,18,66.0,5.0
165,19,47.0,5.0
165,20,50.448138020425674,5.0
165,21,45.0,5.0
165,22,33.462853183541185,3.346285318354122
165,23,35.0,5.0
165,24,29.000000000000007,5.0
165,25,24.000000000000007,5.0
165,26,30.746401654267885,3.07464016542679
165,27,14.000000000000005,5.0
165,28,9.0,5.0
165,29,1.16,5.0
165,30,20.597022314125994,2.0597022314125994
166,12,100.0,5.0
166,13,95.0,5.0
166,14,90.0,5.0
166,15,85.0,5.0
166,16,80.0,5.0
166,17,70.44720729174985,5.0
166,18,67.0,5.0
166,19,48.0,5.0
166,20,51.44743999016323,5.0
166,21,46.0,5.0
166,22,33.79121545631048,3.379121545631052
166,23,36.0,5.0
166,24,29.60000000000001,5.0
166,25,24.60000000000001,5.0
166,26,31.34342396839388,3.1343423968393895
166,27,14.600000000000005,5.0
166,28,9.6,5.0
166,29,2.03,5.0
166,30,21.194044628251987,2.119404462825199
167,13,96.0,5.0
167,14,91.0,5.0
167,15,86.0,5.0
167,16,81.0,5.0
167,17,71.44720729174985,5.0
167,18,68.0,5.0
167,19,49.0,5.0
167,20,52.44726546736852,5.0
167,21,47.0,5.0
167,22,34.11957772907978,3.4119577729079817
167,23,37.0,5.0
167,24,30.20000000000001,5.0
167,25,25.20000000000001,5.0
167,26,31.34342396839388,3.1343423968393895
167,27,15.200000000000005,5.0
167,28,10.2,5.0
167,29,2.9,5.0
167,30,21.79106694237798,2.1791066942377983
168,13,97.0,5.0
168,14,92.0,5.0
168,15,87.0,5.0
168,16,82.0,5.0
168,17,72.44720729174985,5.0
168,18,69.0,5.0
168,19,50.0,5.0
168,20,53.447221835717976,5.0
168,21,48.0,5.0
168,22,34.44794000184908,3.4447940001849116
168,23,38.0,5.0
168,24,31.20000000000001,5.0
168,25,25.80000000000001,5.0
168,26,31.940446282519872,3.194044628251989
168,27,15.800000000000004,5.0
168,28,10.799999999999999,5.0
168,29,3.77,5.0
168,30,22.388089256503974,2.238808925650398
169,13,98.0,5.0
169,14,93.0,5.0
169,15,88.0,5.0
169,16,83.0,5.0
169,17,73.44720729174985,5.0
169,18,70.0,5.0
169,19,51.0,5.0
169,20,54.44721092774585,5.0
169,21,49.0,5.0
169,22,34.776302274618374,3.4776302274618414
169,23,39.0,5.0
169,24,32.20000000000001,5.0
169,25,26.400000000000013,5.0
169,26,31.940446282519872,3.194044628251989
169,27,16.400000000000006,5.0
169,28,11.399999999999999,5.0
169,29,4.64,5.0
169,30,22.985111570629968,2.2985111570629972
170,13,99.0,5.0
170,14,94.0,5.0
170,15,89.0,5.0
170,16,84.0,5.0
170,17,74.44720729174985,5.0
170,18,71.0,5.0
170,19,52.0,5.0
170,20,55.4472082007491,5.0
170,21,50.0,5.0
170,22,35.10466454738767,3.510466454738771
170,23,40.0,5.0
170,24,33.20000000000001,5.0
170,25,27.000000000000014,5.0
170,26,32.537468596645866,3.2537468596645884
170,27,17.000000000000007,5.0
170,28,11.999999999999998,5.0
170,29,5.51,5.0
170,30,23.58213388475596,2.3582133884755967
170,31,0.6,5.0
171,13,100.0,5.0
171,14,95.0,5.0
171,15,90.0,5.0
171,16,85.0,5.0
171,17,75.44720729174985,5.0
171,18,72.0,5.0
171,19,53.0,5.0
171,20,56.44720751899968,5.0
171,21,51.0,5.0
171,22,35.43302682015697,3.543302682015701
171,23,41.0,5.0
171,24,34.20000000000001,5.0
171,25,28.000000000000014,5.0
171,26,32.537468596645866,3.2537468596645884
171,27,18.000000000000007,5.0
171,28,12.999999999999998,5.0
171,29,6.96,5.0
171,30,24.179156198881955,2.417915619888196
171,31,1.6,5.0
172,14,96.0,5.0
172,15,91.0,5.0
172,16,86.0,5.0
172,17,76.44720729174985,5.0
172,18,73.0,5.0
172,19,54.0,5.0
172,20,57.447207348562316,5.0
172,21,52.0,5.0
172,22,35.761389092926265,3.576138909292631
172,23,42.0,5.0
172,24,35.20000000000001,5.0
172,25,29.000000000000014,5.0
172,26,33.13449091077186,3.313449091077188
172,27,19.000000000000007,5.0
172,28,13.999999999999998,5.0
172,29,8.41,5.0
172,30,24.77617851300795,2.4776178513007956
172,31,2.6,5.0
173,14,97.0,5.0
173,15,92.0,5.0
173,16,87.0,5.0
173,17,77.44720729174985,5.0
173,18,74.0,5.0
173,19,55.0,5.0
173,20,58.44720730595297,5.0
173,21,53.0,5.0
173,22,36.08975136569556,3.6089751365695606
173,23,43.0,5.0
173,24,36.20000000000001,5.0
173,25,30.000000000000014,5.0
173,26,33.13449091077186,3.313449091077188
173,27,20.000000000000007,5.0
173,28,14.999999999999998,5.0
173,29,9.86,5.0
173,30,25.373200827133942,2.537320082713395
173,31,3.6,5.0
174,14,98.0,5.0
174,15,93.0,5.0
174,16,88.0,5.0
174,17,78.44720729174985,5.0
174,18,75.0,5.0
174,19,56.0,5.0
174,20,59.447207295300636,5.0
174,21,54.0,5.0
174,22,36.41811363846486,3.6418113638464904
174,23,44.0,5.0
174,24,37.20000000000001,5.0
174,25,31.000000000000014,5.0
174,26,33.73151322489785,3.3731513224897873
174,27,21.000000000000007,5.0
174,28,15.999999999999998,5.0
174,29,11.309999999999999,5.0
174,30,25.970223141259936,2.5970223141259945
174,31,4.6,5.0
175,14,99.0,5.0
175,15,94.0,5.0
175,16,89.0,5.0
175,17,79.44720729174985,5.0
175,18,76.0,5.0
175,19,57.0,5.0
175,20,60.44720729263755,5.0
175,21,55.0,5.0
175,22,36.74647591123416,3.67464759112342
175,23,45.0,5.0
175,24,38.20000000000001,5.0
175,25,32.000000000000014,5.0
175,26,34.32853553902385,3.432853553902387
175,27,22.000000000000007,5.0
175,28,17.0,5.0
175,29,12.759999999999998,5.0
175,30,26.56724545538593,2.656724545538594
175,31,5.6,5.0
176,14,100.0,5.0
176,15,95.0,5.0
176,16,90.0,5.0
176,17,80.44720729174985,5.0
176,18,77.0,5.0
176,19,58.0,5.0
176,20,61.44720729197178,5.0
176,21,56.0,5.0
176,22,37.074838184003454,3.70748381840035
176,23,46.0,5.0
176,24,39.20000000000001,5.0
176,25,33.000000000000014,5.0
176,26,34.32853553902385,3.432853553902387
176,27,23.000000000000007,5.0
176,28,18.0,5.0
176,29,14.209999999999997,5.0
176,30,27.164267769511923,2.7164267769511934
176,31,6.6,5.0
177,15,96.0,5.0
177,16,91.0,5.0
177,17,81.44720729174985,5.0
177,18,78.0,5.0
177,19,59.0,5.0
177,20,62.447207291805334,5.0
177,21,57.0,5.0
177,22,37.40320045677275,3.74032004567728
177,23,47.0,5.0
177,24,40.20000000000001,5.0
177,25,34.000000000000014,5.0
177,26,34.92555785314984,3.4925557853149862
177,27,24.000000000000007,5.0
177,28,19.0,5.0
177,29,15.659999999999997,5.0
177,30,27.761290083637917,2.776129008363793
177,31,7.6,5.0
178,15,97.0,5.0
178,16,92.0,5.0
178,17,82.44720729174985,5.0
178,18,79.0,5.0
178,19,60.0,5.0
178,20,63.447207291763725,5.0
178,21,58.0,5.0
178,22,37.73156272954205,3.7731562729542096
178,23,48.0,5.0
178,24,41.20000000000001,5.0
178,25,35.000000000000014,5.0
178,26,34.92555785314984,3.4925557853149862
178,27,25.000000000000007,5.0
178,28,20.0,5.0
178,29,17.109999999999996,5.0
178,30,28.35831239776391,2.8358312397763923
178,31,8.6,5.0
179,15,98.0,5.0
179,16,93.0,5.0
179,17,83.44720729174985,5.0
179,18,80.0,5.0
179,19,61.0,5.0
179,20,64.44720729175332,5.0
179,21,59.0,5.0
179,22,38.059925002311346,3.8059925002311394
179,23,49.0,5.0
179,24,42.20000000000001,5.0
179,25,36.000000000000014,5.0
179,26,35.522580167275834,3.5522580167275857
179,27,26.000000000000007,5.0
179,28,21.0,5.0
179,29,18.559999999999995,5.0
179,30,28.955334711889904,2.8955334711889917
179,31,9.6,5.0
180,15,99.0,5.0
180,16,94.0,5.0
180,17,84.44720729174985,5.0
180,18,81.0,5.0
180,19,62.0,5.0
180,20,65.44720729175071,5.0
180,21,60.0,5.0
180,22,38.38828727508064,3.8388287275080692
180,23,50.0,5.0
180,24,43.20000000000001,5.0
180,25,37.000000000000014,5.0
180,26,35.522580167275834,3.5522580167275857
180,27,27.000000000000007,5.0
180,28,22.0,5.0
180,29,20.009999999999994,5.0
180,30,29.552357026015898,2.955235702601591
180,31,10.6,5.0
180,32,0.55,5.0
181,15,100.0,5.0
181,16,95.0,5.0
181,17,85.44720729174985,5.0
181,18,82.0,5.0
181,19,63.0,5.0
181,20,66.44720729175006,5.0
181,21,61.0,5.0
181,22,38.71664954784994,3.871664954784999
181,23,51.0,5.0
181,24,44.20000000000001,5.0
181,25,38.000000000000014,5.0
181,26,36.11960248140183,3.611960248140185
181,27,28.000000000000007,5.0
181,28,23.0,5.0
181,29,20.009999999999994,5.0
181,30,30.14937934014189,3.0149379340141906
181,31,11.6,5.0
181,32,1.1,5.0
182,16,96.0,5.0
182,17,86.44720729174985,5.0
182,18,83.0,5.0
182,19,64.0,5.0
182,20,67.4472072917499,5.0
182,21,62.0,5.0
182,22,39.04501182061924,3.904501182061929
182,23,52.0,5.0
182,24,45.20000000000001,5.0
182,25,39.000000000000014,5.0
182,26,36.11960248140183,3.611960248140185
182,27,29.000000000000007,5.0
182,28,24.0,5.0
182,29,21.459999999999994,5.0
182,30,30.746401654267885,3.07464016542679
182,31,12.6,5.0
182,32,1.6500000000000001,5.0
183,16,97.0,5.0
183,17,87.44720729174985,5.0
183,18,84.0,5.0
183,19,65.0,5.0
183,20,68.44720729174986,5.0
183,21,63.0,5.0
183,22,39.373374093388534,3.9373374093388587
183,23,53.0,5.0
183,24,46.20000000000001,5.0
183,25,40.000000000000014,5.0
183,26,36.71662479552782,3.6716624795527846
183,27,30.000000000000007,5.0
183,28,25.0,5.0
183,29,22.909999999999993,5.0
183,30,31.34342396839388,3.1343423968393895
183,31,13.6,5.0
183,32,2.2,5.0
184,16,98.0,5.0
184,17,88.44720729174985,5.0
184,18,85.0,5.0
184,19,66.0,5.0
184,20,69.44720729174985,5.0
184,21,64.0,5.0
184,22,39.70173636615783,3.9701736366157885
184,23,54.0,5.0
184,24,47.20000000000001,5.0
184,25,41.000000000000014,5.0
184,26,37.313647109653814,3.731364710965384
184,27,31.000000000000007,5.0
184,28,26.0,5.0
184,29,24.359999999999992,5.0
184,30,31.940446282519872,3.194044628251989
184,31,14.6,5.0
184,32,2.75,5.0
185,16,99.0,5.0
185,17,89.44720729174985,5.0
185,18,86.0,5.0
185,19,67.0,5.0
185,20,70.44720729174985,5.0
185,21,65.0,5.0
185,22,40.03009863892713,4.003009863892718
185,23,55.0,5.0
185,24,48.20000000000001,5.0
185,25,42.000000000000014,5.0
185,26,37.313647109653814,3.731364710965384
185,27,32.00000000000001,5.0
185,28,27.0,5.0
185,29,24.359999999999992,5.0
185,30,32.537468596645866,3.2537468596645884
185,31,15.6,5.0
185,32,3.3,5.0
185,33,20.597022314125994,2.0597022314125994
186,16,100.0,5.0
186,17,90.44720729174985,5.0
186,18,87.0,5.0
186,19,68.0,5.0
186,20,71.44720729174985,5.0
186,21,66.0,5.0
186,22,40.03009863892713,4.003009863892718
186,23,56.0,5.0
186,24,49.20000000000001,5.0
186,25,43.000000000000014,5.0
186,26,37.313647109653814,3.731364710965384
186,27,33.00000000000001,5.0
186,28,28.0,5.0
186,29,25.80999999999999,5.0
186,30,33.13449091077186,3.313449091077188
186,31,16.6,5.0
186,32,3.8499999999999996,5.0
186,33,21.194044628251987,2.119404462825199
187,17,91.44720729174985,5.0
187,18,88.0,5.0
187,19,69.0,5.0
187,20,72.44720729174985,5.0
187,21,67.0,5.0
187,22,40.358460911696426,4.035846091169647
187,23,57.0,5.0
187,24,50.20000000000001,5.0
187,25,44.000000000000014,5.0
187,26,37.91066942377981,3.7910669423779835
187,27,34.00000000000001,5.0
187,28,29.0,5.0
187,29,27.25999999999999,5.0
187,30,33.73151322489785,3.3731513224897873
187,31,17.6,5.0
187,32,4.3999999999999995,5.0
187,33,21.79106694237798,2.1791066942377983
188,17,92.44720729174985,5.0
188,18,89.0,5.0
188,19,70.0,5.0
188,20,73.44720729174985,5.0
188,21,68.0,5.0
188,22,40.68682318446572,4.068682318446577
188,23,58.0,5.0
188,24,51.20000000000001,5.0
188,25,45.000000000000014,5.0
188,26,37.91066942377981,3.7910669423779835
188,27,35.00000000000001,5.0
188,28,30.0,5.0
188,29,27.25999999999999,5.0
188,30,34.32853553902385,3.432853553902387
188,31,18.6,5.0
188,32,4.949999999999999,5.0
188,33,22.388089256503974,2.238808925650398
189,17,93.44720729174985,5.0
189,18,90.0,5.0
189,19,71.0,5.0
189,20,74.44720729174985,5.0
189,21,69.0,5.0
189,22,41.01518545723502,4.101518545723506
189,23,59.0,5.0
189,24,52.20000000000001,5.0
189,25,46.000000000000014,5.0
189,26,38.5076917379058,3.850769173790583
189,27,36.00000000000001,5.0
189,28,31.0,5.0
189,29,28.70999999999999,5.0
189,30,34.92555785314984,3.4925557853149862
189,31,19.6,5.0
189,32,5.499999999999999,5.0
189,33,22.985111570629968,2.2985111570629972
190,17,94.44720729174985,5.0
190,18,91.0,5.0
190,19,72.0,5.0
190,20,75.44720729174985,5.0
190,21,70.0,5.0
190,22,41.34354773000432,4.134354773000435
190,23,60.0,5.0
190,24,53.20000000000001,5.0
190,25,47.000000000000014,5.0
190,26,38.5076917379058,3.850769173790583
190,27,37.00000000000001,5.0
190,28,32.0,5.0
190,29,30.15999999999999,5.0
190,30,35.522580167275834,3.5522580167275857
190,31,20.6,5.0
190,32,6.049999999999999,5.0
190,33,23.58213388475596,2.3582133884755967
190,34,1.0,5.0
191,17,95.44720729174985,5.0
191,18,92.0,5.0
191,19,73.0,5.0
191,20,76.44720729174985,5.0
191,21,71.0,5.0
191,22,41.671910002773615,4.167191000277365
191,23,61.0,5.0
191,24,54.20000000000001,5.0
191,25,48.000000000000014,5.0
191,26,39.104714052031795,3.9104714052031824
191,27,38.00000000000001,5.0
191,28,33.0,5.0
191,29,30.15999999999999,5.0
191,30,36.11960248140183,3.611960248140185
191,31,21.6,5.0
191,32,6.599999999999999,5.0
191,33,24.179156198881955,2.417915619888196
191,34,2.0,5.0
192,17,96.44720729174985,5.0
192,18,93.0,5.0
192,19,74.0,5.0
192,20,77.44720729174985,5.0
192,21,72.0,5.0
192,22,42.00027227554291,4.200027227554294
192,23,62.0,5.0
192,24,55.20000000000001,5.0
192,25,49.000000000000014,5.0
192,26,39.104714052031795,3.9104714052031824
192,27,39.00000000000001,5.0
192,28,34.0,5.0
192,29,31.60999999999999,5.0
192,30,36.71662479552782,3.6716624795527846
192,31,22.6,5.0
192,32,7.149999999999999,5.0
192,33,24.77617851300795,2.4776178513007956
192,34,3.0,5.0
193,17,97.44720729174985,5.0
193,18,94.0,5.0
193,19,75.0,5.0
193,20,78.44720729174985,5.0
193,21,73.0,5.0
193,22,42.32863454831221,4.232863454831223
193,23,63.0,5.0
193,24,56.20000000000001,5.0
193,25,50.000000000000014,5.0
193,26,39.70173636615779,3.970173636615782
193,27,40.00000000000001,5.0
193,28,35.0,5.0
193,29,33.05999999999999,5.0
193,30,37.313647109653814,3.731364710965384
193,31,23.6,5.0
193,32,7.699999999999998,5.0
193,33,25.373200827133942,2.537320082713395
193,34,4.0,5.0
194,17,98.44720729174985,5.0
194,18,95.0,5.0
194,19,76.0,5.0
194,20,79.44720729174985,5.0
194,21,74.0,5.0
194,22,42.656996821081506,4.265699682108153
194,23,64.0,5.0
194,24,57.20000000000001,5.0
194,25,51.000000000000014,5.0
194,26,39.70173636615779,3.970173636615782
194,27,40.00000000000001,5.0
194,28,36.0,5.0
194,29,33.05999999999999,5.0
194,30,37.313647109653814,3.731364710965384
194,31,24.6,5.0
194,32,8.249999999999998,5.0
194,33,25.970223141259936,2.5970223141259945
194,34,5.0,5.0
195,17,99.44720729174985,5.0
195,18,96.0,5.0
195,19,77.0,5.0
195,20,80.44720729174985,5.0
195,21,75.0,5.0
195,22,42.9853590938508,4.298535909385082
195,23,65.0,5.0
195,24,58.20000000000001,5.0
195,25,52.000000000000014,5.0
195,26,40.29875868028378,4.029875868028381
195,27,40.00000000000001,5.0
195,28,37.0,5.0
195,29,34.50999999999999,5.0
195,30,37.91066942377981,3.7910669423779835
195,31,25.6,5.0
195,32,8.799999999999999,5.0
195,33,26.56724545538593,2.656724545538594
195,34,6.0,5.0
196,18,97.0,5.0
196,19,78.0,5.0
196,20,81.44720729174985,5.0
196,21,76.0,5.0
196,22,43.3137213666201,4.3313721366620115
196,23,66.0,5.0
196,24,59.20000000000001,5.0
196,25,53.000000000000014,5.0
196,26,40.895780994409776,4.08957809944098
196,27,40.00000000000001,5.0
196,28,38.0,5.0
196,29,35.959999999999994,5.0
196,30,38.5076917379058,3.850769173790583
196,31,26.6,5.0
196,32,9.35,5.0
196,33,27.164267769511923,2.7164267769511934
196,34,7.0,5.0
197,18,98.0,5.0
197,19,79.0,5.0
197,20,82.44720729174985,5.0
197,21,77.0,5.0
197,22,43.6420836393894,4.364208363938941
197,23,67.0,5.0
197,24,60.20000000000001,5.0
197,25,54.000000000000014,5.0
197,26,40.895780994409776,4.08957809944098
197,27,40.00000000000001,5.0
197,28,38.0,5.0
197,29,35.959999999999994,5.0
197,30,38.5076917379058,3.850769173790583
197,31,27.6,5.0
197,32,9.9,5.0
197,33,27.761290083637917,2.776129008363793
197,34,7.0,5.0
198,18,99.0,5.0
198,19,80.0,5.0
198,20,83.44720729174985,5.0
198,21,78.0,5.0
198,22,43.970445912158695,4.39704459121587
198,23,68.0,5.0
198,24,61.20000000000001,5.0
198,25,55.000000000000014,5.0
198,26,41.49280330853577,4.149280330853579
198,27,40.00000000000001,5.0
198,28,38.0,5.0
198,29,35.959999999999994,5.0
198,30,39.104714052031795,3.9104714052031824
198,31,28.6,5.0
198,32,10.450000000000001,5.0
198,33,28.35831239776391,2.8358312397763923
198,34,8.0,5.0
199,18,100.0,5.0
199,19,81.0,5.0
199,20,84.44720729174985,5.0
199,21,79.0,5.0
199,22,44.29880818492799,4.4298808184928
199,23,69.0,5.0
199,24,62.20000000000001,5.0
199,25,56.000000000000014,5.0
199,26,41.49280330853577,4.149280330853579
199,27,40.00000000000001,5.0
199,28,38.0,5.0
199,29,35.959999999999994,5.0
199,30,39.104714052031795,3.9104714052031824
199,31,29.6,5.0
199,32,11.000000000000002,5.0
199,33,28.955334711889904,2.8955334711889917
199,34,9.0,5.0
200,19,82.0,5.0
200,20,85.44720729174985,5.0
200,21,80.0,5.0
200,22,44.62717045769729,4.462717045769729
200,23,70.0,5.0
200,24,63.20000000000001,5.0
200,25,57.000000000000014,5.0
200,26,42.08982562266176,4.208982562266178
200,27,40.00000000000001,5.0
200,28,38.0,5.0
200,29,35.959999999999994,5.0
200,30,39.70173636615779,3.970173636615782
200,31,30.6,5.0
200,32,11.550000000000002,5.0
200,33,29.552357026015898,2.955235702601591
200,34,9.0,5.0
200,35,1.0,5.0
205,39,1.0,5.0
206,39,2.0,5.0
207,39,3.0,5.0
208,39,4.0,5.0
209,39,5.0,5.0
210,39,6.0,5.0
210,40,0.55,5.0
211,39,7.0,5.0
211,40,1.1,5.0
212,39,8.0,5.0
212,40,1.6500000000000001,5.0
213,39,9.0,5.0
213,40,2.2,5.0
214,39,10.0,5.0
214,40,2.75,5.0
215,39,11.0,5.0
215,40,3.3,5.0
215,41,20.597022314125994,2.0597022314125994
216,39,12.0,5.0
216,40,3.8499999999999996,5.0
216,41,21.194044628251987,2.119404462825199
217,39,13.0,5.0
217,40,4.3999999999999995,5.0
217,41,21.79106694237798,2.1791066942377983
218,39,14.0,5.0
218,40,4.949999999999999,5.0
218,41,22.388089256503974,2.238808925650398
219,39,15.0,5.0
219,40,5.499999999999999,5.0
219,41,22.985111570629968,2.2985111570629972
220,39,16.0,5.0
220,40,6.049999999999999,5.0
220,41,23.58213388475596,2.3582133884755967
221,39,17.0,5.0
221,40,6.599999999999999,5.0
221,41,24.179156198881955,2.417915619888196
222,39,18.0,5.0
222,40,7.149999999999999,5.0
222,41,24.77617851300795,2.4776178513007956
223,39,19.0,5.0
223,40,7.699999999999998,5.0
223,41,25.373200827133942,2.537320082713395
224,39,20.0,5.0
224,40,8.249999999999998,5.0
224,41,25.970223141259936,2.5970223141259945
225,39,21.0,5.0
225,40,8.799999999999999,5.0
225,41,26.56724545538593,2.656724545538594
225,42,20.597022314125994,2.0597022314125994
226,39,22.0,5.0
226,40,9.35,5.0
226,41,27.164267769511923,2.7164267769511934
226,42,21.194044628251987,2.119404462825199
227,39,23.0,5.0
227,40,9.9,5.0
227,41,27.761290083637917,2.776129008363793
227,42,21.79106694237798,2.1791066942377983
228,39,24.0,5.0
228,40,10.450000000000001,5.0
228,41,28.35831239776391,2.8358312397763923
228,42,22.388089256503974,2.238808925650398
229,39,25.0,5.0
229,40,11.000000000000002,5.0
229,41,28.955334711889904,2.8955334711889917
229,42,22.985111570629968,2.2985111570629972
230,39,26.0,5.0
230,40,11.550000000000002,5.0
230,41,29.552357026015898,2.955235702601591
230,42,23.58213388475596,2.3582133884755967
231,39,27.0,5.0
231,40,12.100000000000003,5.0
231,41,30.14937934014189,3.0149379340141906
231,42,24.179156198881955,2.417915619888196
232,39,28.0,5.0
232,40,12.650000000000004,5.0
232,41,30.746401654267885,3.07464016542679
232,42,24.77617851300795,2.4776178513007956
233,39,29.0,5.0
233,40,13.200000000000005,5.0
233,41,31.34342396839388,3.1343423968393895
233,42,25.373200827133942,2.537320082713395
234,39,30.0,5.0
234,40,13.750000000000005,5.0
234,41,31.940446282519872,3.194044628251989
234,42,25.970223141259936,2.5970223141259945
235,39,31.0,5.0
235,40,14.300000000000006,5.0
235,41,32.537468596645866,3.2537468596645884
235,42,26.56724545538593,2.656724545538594
235,43,1.0,5.0
236,39,32.0,5.0
236,40,14.850000000000007,5.0
236,41,33.13449091077186,3.313449091077188
236,42,27.164267769511923,2.7164267769511934
236,43,2.0,5.0
237,39,33.0,5.0
237,40,15.400000000000007,5.0
237,41,33.73151322489785,3.3731513224897873
237,42,27.761290083637917,2.776129008363793
237,43,3.0,5.0
238,39,34.0,5.0
238,40,15.950000000000008,5.0
238,41,34.32853553902385,3.432853553902387
238,42,28.35831239776391,2.8358312397763923
238,43,4.0,5.0
239,39,35.0,5.0
239,40,16.500000000000007,5.0
239,41,34.92555785314984,3.4925557853149862
239,42,28.955334711889904,2.8955334711889917
239,43,5.0,5.0
240,39,36.0,5.0
240,40,17.050000000000008,5.0
240,41,35.522580167275834,3.5522580167275857
240,42,29.552357026015898,2.955235702601591
240,43,6.0,5.0
240,44,20.597022314125994,2.0597022314125994
241,39,37.0,5.0
241,40,17.60000000000001,5.0
241,41,36.11960248140183,3.611960248140185
241,42,30.14937934014189,3.0149379340141906
241,43,7.0,5.0
241,44,21.194044628251987,2.119404462825199
242,39,38.0,5.0
242,40,18.15000000000001,5.0
242,41,36.71662479552782,3.6716624795527846
242,42,30.746401654267885,3.07464016542679
242,43,8.0,5.0
242,44,21.79106694237798,2.1791066942377983
243,39,39.0,5.0
243,40,18.70000000000001,5.0
243,41,37.313647109653814,3.731364710965384
243,42,31.34342396839388,3.1343423968393895
243,43,9.0,5.0
243,44,22.388089256503974,2.238808925650398
244,39,40.0,5.0
244,40,19.25000000000001,5.0
244,41,37.91066942377981,3.7910669423779835
244,42,31.940446282519872,3.194044628251989
244,43,10.0,5.0
244,44,22.985111570629968,2.2985111570629972
245,39,41.0,5.0
245,40,19.80000000000001,5.0
245,41,38.5076917379058,3.850769173790583
245,42,32.537468596645866,3.2537468596645884
245,43,11.0,5.0
245,44,23.58213388475596,2.3582133884755967
246,39,42.0,5.0
246,40,20.350000000000012,5.0
246,41,39.104714052031795,3.9104714052031824
246,42,33.13449091077186,3.313449091077188
246,43,12.0,5.0
246,44,24.179156198881955,2.417915619888196
247,39,43.0,5.0
247,40,20.900000000000013,5.0
247,41,39.70173636615779,3.970173636615782
247,42,33.73151322489785,3.3731513224897873
247,43,13.0,5.0
247,44,24.77617851300795,2.4776178513007956
248,39,44.0,5.0
248,40,21.450000000000014,5.0
248,41,40.29875868028378,4.029875868028381
248,42,34.32853553902385,3.432853553902387
248,43,14.0,5.0
248,44,25.373200827133942,2.537320082713395
249,39,45.0,5.0
249,40,22.000000000000014,5.0
249,41,40.895780994409776,4.08957809944098
249,42,34.92555785314984,3.4925557853149862
249,43,15.0,5.0
249,44,25.970223141259936,2.5970223141259945
250,39,46.0,5.0
250,40,22.550000000000015,5.0
250,41,41.49280330853577,4.149280330853579
250,42,35.522580167275834,3.5522580167275857
250,43,16.0,5.0
250,44,26.56724545538593,2.656724545538594
250,45,0.85,5.0
251,39,47.0,5.0
251,40,23.100000000000016,5.0
251,41,42.08982562266176,4.208982562266178
251,42,36.11960248140183,3.611960248140185
251,43,17.0,5.0
251,44,27.164267769511923,2.7164267769511934
251,45,1.7,5.0
252,39,48.0,5.0
252,40,23.650000000000016,5.0
252,41,42.68684793678776,4.268684793678777
252,42,36.71662479552782,3.6716624795527846
252,43,18.0,5.0
252,44,27.761290083637917,2.776129008363793
252,45,2.55,5.0
253,39,49.0,5.0
253,40,24.200000000000017,5.0
253,41,43.28387025091375,4.328387025091376
253,42,37.313647109653814,3.731364710965384
253,43,19.0,5.0
253,44,28.35831239776391,2.8358312397763923
253,45,3.4,5.0
254,39,50.0,5.0
254,40,24.750000000000018,5.0
254,41,43.880892565039744,4.388089256503975
254,42,37.91066942377981,3.7910669423779835
254,43,20.0,5.0
254,44,28.955334711889904,2.8955334711889917
254,45,4.25,5.0
255,39,51.0,5.0
255,40,25.30000000000002,5.0
255,41,44.47791487916574,4.447791487916574
255,42,38.5076917379058,3.850769173790583
255,43,21.0,5.0
255,44,29.552357026015898,2.955235702601591
255,45,5.1,5.0
255,46,1.0,5.0
256,39,52.0,5.0
256,40,25.85000000000002,5.0
256,41,45.07493719329173,4.507493719329173
256,42,39.104714052031795,3.9104714052031824
256,43,22.0,5.0
256,44,30.14937934014189,3.0149379340141906
256,45,5.949999999999999,5.0
256,46,2.0,5.0
257,39,53.0,5.0
257,40,26.40000000000002,5.0
257,41,45.671959507417725,4.567195950741772
257,42,39.70173636615779,3.970173636615782
257,43,23.0,5.0
257,44,30.746401654267885,3.07464016542679
257,45,6.799999999999999,5.0
257,46,3.0,5.0
258,39,54.0,5.0
258,40,26.95000000000002,5.0
258,41,46.26898182154372,4.626898182154371
258,42,40.29875868028378,4.029875868028381
258,43,24.0,5.0
258,44,31.34342396839388,3.1343423968393895
258,45,7.649999999999999,5.0
258,46,4.0,5.0
259,39,55.0,5.0
259,40,27.50000000000002,5.0
259,41,46.86600413566971,4.68660041356697
259,42,40.895780994409776,4.08957809944098
259,43,25.0,5.0
259,44,31.940446282519872,3.194044628251989
259,45,8.499999999999998,5.0
259,46,5.0,5.0
260,39,56.0,5.0
260,40,28.050000000000022,5.0
260,41,47.463026449795706,4.746302644979569
260,42,41.49280330853577,4.149280330853579
260,43,26.0,5.0
260,44,32.537468596645866,3.2537468596645884
260,45,9.349999999999998,5.0
260,46,6.0,5.0
261,39,57.0,5.0
261,40,28.600000000000023,5.0
261,41,48.0600487639217,4.806004876392168
261,42,42.08982562266176,4.208982562266178
261,43,26.0,5.0
261,44,33.13449091077186,3.313449091077188
261,45,10.199999999999998,5.0
261,46,7.0,5.0
262,39,58.0,5.0
262,40,29.150000000000023,5.0
262,41,48.65707107804769,4.865707107804767
262,42,42.68684793678776,4.268684793678777
262,43,27.0,5.0
262,44,33.73151322489785,3.3731513224897873
262,45,11.049999999999997,5.0
262,46,8.0,5.0
263,39,59.0,5.0
263,40,29.700000000000024,5.0
263,41,49.25409339217369,4.925409339217366
263,42,43.28387025091375,4.328387025091376
263,43,27.0,5.0
263,44,34.32853553902385,3.432853553902387
263,45,11.899999999999997,5.0
263,46,9.0,5.0
264,39,60.0,5.0
264,40,30.250000000000025,5.0
264,41,49.85111570629968,4.985111570629965
264,42,43.880892565039744,4.388089256503975
264,43,28.0,5.0
264,44,34.92555785314984,3.4925557853149862
264,45,12.749999999999996,5.0
264,46,10.0,5.0
265,39,61.0,5.0
265,40,30.800000000000026,5.0
265,41,50.448138020425674,5.0
265,42,44.47791487916574,4.447791487916574
265,43,28.0,5.0
265,44,35.522580167275834,3.5522580167275857
265,45,13.599999999999996,5.0
265,46,11.0,5.0
266,39,62.0,5.0
266,40,31.350000000000026,5.0
266,41,51.44743999016323,5.0
266,42,45.07493719329173,4.507493719329173
266,43,29.0,5.0
266,44,36.11960248140183,3.611960248140185
266,45,14.449999999999996,5.0
266,46,12.0,5.0
267,39,63.0,5.0
267,40,31.900000000000027,5.0
267,41,52.44726546736852,5.0
267,42,45.671959507417725,4.567195950741772
267,43,29.0,5.0
267,44,36.71662479552782,3.6716624795527846
267,45,15.299999999999995,5.0
267,46,13.0,5.0
268,39,64.0,5.0
268,40,32.450000000000024,5.0
268,41,53.447221835717976,5.0
268,42,46.26898182154372,4.626898182154371
268,43,30.0,5.0
268,44,37.313647109653814,3.731364710965384
268,45,16.149999999999995,5.0
268,46,14.0,5.0
269,39,65.0,5.0
269,40,33.00000000000002,5.0
269,41,54.44721092774585,5.0
269,42,46.86600413566971,4.68660041356697
269,43,31.0,5.0
269,44,37.91066942377981,3.7910669423779835
269,45,16.999999999999996,5.0
269,46,14.0,5.0
270,39,66.0,5.0
270,40,33.55000000000002,5.0
270,41,55.4472082007491,5.0
270,42,47.463026449795706,4.746302644979569
270,43,31.0,5.0
270,44,38.5076917379058,3.850769173790583
270,45,17.849999999999998,5.0
270,46,15.0,5.0
271,39,67.0,5.0
271,40,34.100000000000016,5.0
271,41,56.44720751899968,5.0
271,42,48.0600487639217,4.806004876392168
271,43,32.0,5.0
271,44,39.104714052031795,3.9104714052031824
271,45,18.7,5.0
271,46,16.0,5.0
272,39,68.0,5.0
272,40,34.65000000000001,5.0
272,41,57.447207348562316,5.0
272,42,48.65707107804769,4.865707107804767
272,43,32.0,5.0
272,44,39.70173636615779,3.970173636615782
272,45,19.55,5.0
272,46,17.0,5.0
273,39,69.0,5.0
273,40,35.20000000000001,5.0
273,41,58.44720730595297,5.0
273,42,49.25409339217369,4.925409339217366
273,43,33.0,5.0
273,44,40.29875868028378,4.029875868028381
273,45,20.400000000000002,5.0
273,46,18.0,5.0
274,39,70.0,5.0
274,40,35.75000000000001,5.0
274,41,59.447207295300636,5.0
274,42,49.85111570629968,4.985111570629965
274,43,33.0,5.0
274,44,40.895780994409776,4.08957809944098
274,45,21.250000000000004,5.0
274,46,19.0,5.0
275,39,71.0,5.0
275,40,36.300000000000004,5.0
275,41,60.44720729263755,5.0
275,42,50.448138020425674,5.0
275,43,34.0,5.0
275,44,41.49280330853577,4.149280330853579
275,45,22.100000000000005,5.0
275,46,20.0,5.0
276,39,72.0,5.0
276,40,36.85,5.0
276,41,61.44720729197178,5.0
276,42,51.44743999016323,5.0
276,43,34.0,5.0
276,44,42.08982562266176,4.208982562266178
276,45,22.950000000000006,5.0
276,46,20.0,5.0
277,39,73.0,5.0
277,40,37.4,5.0
277,41,62.447207291805334,5.0
277,42,52.44726546736852,5.0
277,43,35.0,5.0
277,44,42.68684793678776,4.268684793678777
277,45,23.800000000000008,5.0
277,46,21.0,5.0
278,39,74.0,5.0
278,40,37.949999999999996,5.0
278,41,63.447207291763725,5.0
278,42,53.447221835717976,5.0
278,43,35.0,5.0
278,44,43.28387025091375,4.328387025091376
278,45,24.65000000000001,5.0
278,46,22.0,5.0
279,39,75.0,5.0
279,40,38.49999999999999,5.0
279,41,64.44720729175332,5.0
279,42,54.44721092774585,5.0
279,43,36.0,5.0
279,44,43.880892565039744,4.388089256503975
279,45,25.50000000000001,5.0
279,46,23.0,5.0
280,39,76.0,5.0
280,40,39.04999999999999,5.0
280,41,65.44720729175071,5.0
280,42,55.4472082007491,5.0
280,43,37.0,5.0
280,44,44.47791487916574,4.447791487916574
280,45,26.350000000000012,5.0
280,46,24.0,5.0
280,47,1.0,5.0
281,39,77.0,5.0
281,40,39.59999999999999,5.0
281,41,66.44720729175006,5.0
281,42,56.44720751899968,5.0
281,43,37.0,5.0
281,44,45.07493719329173,4.507493719329173
281,45,27.200000000000014,5.0
281,46,25.0,5.0
281,47,2.0,5.0
282,39,78.0,5.0
282,40,40.149999999999984,5.0
282,41,67.4472072917499,5.0
282,42,57.447207348562316,5.0
282,43,38.0,5.0
282,44,45.671959507417725,4.567195950741772
282,45,28.050000000000015,5.0
282,46,26.0,5.0
282,47,3.0,5.0
283,39,79.0,5.0
283,40,40.69999999999998,5.0
283,41,68.44720729174986,5.0
283,42,58.44720730595297,5.0
283,43,38.0,5.0
283,44,46.26898182154372,4.626898182154371
283,45,28.900000000000016,5.0
283,46,26.0,5.0
283,47,4.0,5.0
284,39,80.0,5.0
284,40,41.24999999999998,5.0
284,41,69.44720729174985,5.0
284,42,59.447207295300636,5.0
284,43,39.0,5.0
284,44,46.86600413566971,4.68660041356697
284,45,29.750000000000018,5.0
284,46,27.0,5.0
284,47,5.0,5.0
285,39,81.0,5.0
285,40,41.799999999999976,5.0
285,41,70.44720729174985,5.0
285,42,60.44720729263755,5.0
285,43,39.0,5.0
285,44,47.463026449795706,4.746302644979569
285,45,30.60000000000002,5.0
285,46,28.0,5.0
285,47,6.0,5.0
285,48,1.0,5.0
286,39,82.0,5.0
286,40,42.34999999999997,5.0
286,41,71.44720729174985,5.0
286,42,61.44720729197178,5.0
286,43,40.0,5.0
286,44,48.0600487639217,4.806004876392168
286,45,31.45000000000002,5.0
286,46,29.0,5.0
286,47,7.0,5.0
286,48,2.0,5.0
287,39,83.0,5.0
287,40,42.89999999999997,5.0
287,41,72.44720729174985,5.0
287,42,62.447207291805334,5.0
287,43,40.0,5.0
287,44,48.65707107804769,4.865707107804767
287,45,32.30000000000002,5.0
287,46,30.0,5.0
287,47,8.0,5.0
287,48,3.0,5.0
288,39,84.0,5.0
288,40,43.44999999999997,5.0
288,41,73.44720729174985,5.0
288,42,63.447207291763725,5.0
288,43,41.0,5.0
288,44,49.25409339217369,4.925409339217366
288,45,33.15000000000002,5.0
288,46,31.0,5.0
288,47,9.0,5.0
288,48,4.0,5.0
289,39,85.0,5.0
289,40,43.999999999999964,5.0
289,41,74.44720729174985,5.0
289,42,64.44720729175332,5.0
289,43,41.0,5.0
289,44,49.85111570629968,4.985111570629965
289,45,34.00000000000002,5.0
289,46,32.0,5.0
289,47,10.0,5.0
289,48,5.0,5.0
290,39,86.0,5.0
290,40,44.54999999999996,5.0
290,41,75.44720729174985,5.0
290,42,65.44720729175071,5.0
290,43,42.0,5.0
290,44,50.448138020425674,5.0
290,45,34.85000000000002,5.0
290,46,32.0,5.0
290,47,11.0,5.0
290,48,6.0,5.0
290,49,1.0,5.0
291,39,87.0,5.0
291,40,45.09999999999996,5.0
291,41,76.44720729174985,5.0
291,42,66.44720729175006,5.0
291,43,43.0,5.0
291,44,51.44743999016323,5.0
291,45,35.700000000000024,5.0
291,46,33.0,5.0
291,47,11.8,5.0
291,48,6.8,5.0
291,49,1.8,5.0
292,39,88.0,5.0
292,40,45.649999999999956,5.0
292,41,77.44720729174985,5.0
292,42,67.4472072917499,5.0
292,43,43.0,5.0
292,44,52.44726546736852,5.0
292,45,36.550000000000026,5.0
292,46,34.0,5.0
292,47,12.600000000000001,5.0
292,48,7.6,5.0
292,49,2.6,5.0
293,39,89.0,5.0
293,40,46.19999999999995,5.0
293,41,78.44720729174985,5.0
293,42,68.44720729174986,5.0
293,43,44.0,5.0
293,44,53.447221835717976,5.0
293,45,37.40000000000003,5.0
293,46,35.0,5.0
293,47,13.400000000000002,5.0
293,48,8.4,5.0
293,49,3.4000000000000004,5.0
294,39,90.0,5.0
294,40,46.74999999999995,5.0
294,41,79.44720729174985,5.0
294,42,69.44720729174985,5.0
294,43,44.0,5.0
294,44,54.44721092774585,5.0
294,45,38.25000000000003,5.0
294,46,36.0,5.0
294,47,14.200000000000003,5.0
294,48,9.200000000000001,5.0
294,49,4.2,5.0
295,39,91.0,5.0
295,40,47.29999999999995,5.0
295,41,80.44720729174985,5.0
295,42,70.44720729174985,5.0
295,43,45.0,5.0
295,44,55.4472082007491,5.0
295,45,39.10000000000003,5.0
295,46,37.0,5.0
295,47,15.000000000000004,5.0
295,48,10.000000000000002,5.0
295,49,5.0,5.0
295,50,20.597022314125994,2.0597022314125994
296,39,92.0,5.0
296,40,47.849999999999945,5.0
296,41,81.44720729174985,5.0
296,42,71.44720729174985,5.0
296,43,45.0,5.0
296,44,56.44720751899968,5.0
296,45,39.95000000000003,5.0
296,46,37.0,5.0
296,47,16.000000000000004,5.0
296,48,11.000000000000002,5.0
296,49,6.0,5.0
296,50,21.194044628251987,2.119404462825199
297,39,93.0,5.0
297,40,48.39999999999994,5.0
297,41,82.44720729174985,5.0
297,42,72.44720729174985,5.0
297,43,46.0,5.0
297,44,57.447207348562316,5.0
297,45,40.80000000000003,5.0
297,46,38.0,5.0
297,47,17.000000000000004,5.0
297,48,12.000000000000002,5.0
297,49,7.0,5.0
297,50,21.79106694237798,2.1791066942377983
298,39,94.0,5.0
298,40,48.94999999999994,5.0
298,41,83.44720729174985,5.0
298,42,73.44720729174985,5.0
298,43,46.0,5.0
298,44,58.44720730595297,5.0
298,45,41.650000000000034,5.0
298,46,39.0,5.0
298,47,18.000000000000004,5.0
298,48,13.000000000000002,5.0
298,49,8.0,5.0
298,50,22.388089256503974,2.238808925650398
299,39,95.0,5.0
299,40,49.499999999999936,5.0
299,41,84.44720729174985,5.0
299,42,74.44720729174985,5.0
299,43,47.0,5.0
299,44,59.447207295300636,5.0
299,45,42.500000000000036,5.0
299,46,40.0,5.0
299,47,19.000000000000004,5.0
299,48,14.000000000000002,5.0
299,49,9.0,5.0
299,50,22.985111570629968,2.2985111570629972
300,39,96.0,5.0
300,40,50.04999999999993,5.0
300,41,85.44720729174985,5.0
300,42,75.44720729174985,5.0
300,43,48.0,5.0
300,44,60.44720729263755,5.0
300,45,43.35000000000004,5.0
300,46,41.0,5.0
300,47,20.000000000000004,5.0
300,48,15.000000000000002,5.0
300,49,10.0,5.0
300,50,23.58213388475596,2.3582133884755967
300,51,1.0,5.0
310,55,1.4,5.0
310,56,20.597022314125994,2.0597022314125994
311,55,2.8,5.0
311,56,21.194044628251987,2.119404462825199
312,55,4.199999999999999,5.0
312,56,21.79106694237798,2.1791066942377983
313,55,5.6,5.0
313,56,22.388089256503974,2.238808925650398
314,55,7.0,5.0
314,56,22.985111570629968,2.2985111570629972
315,55,8.4,5.0
315,56,23.58213388475596,2.3582133884755967
315,57,1.0,5.0
316,55,9.8,5.0
316,56,24.179156198881955,2.417915619888196
316,57,2.0,5.0
317,55,11.200000000000001,5.0
317,56,24.77617851300795,2.4776178513007956
317,57,3.0,5.0
318,55,12.600000000000001,5.0
318,56,25.373200827133942,2.537320082713395
318,57,4.0,5.0
319,55,14.000000000000002,5.0
319,56,25.970223141259936,2.5970223141259945
319,57,5.0,5.0
320,55,15.400000000000002,5.0
320,56,26.56724545538593,2.656724545538594
320,57,6.0,5.0
321,55,16.8,5.0
321,56,27.164267769511923,2.7164267769511934
321,57,7.0,5.0
322,55,18.2,5.0
322,56,27.761290083637917,2.776129008363793
322,57,8.0,5.0
323,55,19.599999999999998,5.0
323,56,28.35831239776391,2.8358312397763923
323,57,9.0,5.0
324,55,20.999999999999996,5.0
324,56,28.955334711889904,2.8955334711889917
324,57,10.0,5.0
325,55,22.399999999999995,5.0
325,56,29.552357026015898,2.955235702601591
325,57,11.0,5.0
325,58,1.0,5.0
325,59,20.597022314125994,2.0597022314125994
326,55,23.799999999999994,5.0
326,56,30.14937934014189,3.0149379340141906
326,57,12.0,5.0
326,58,2.0,5.0
326,59,21.194044628251987,2.119404462825199
327,55,25.199999999999992,5.0
327,56,30.746401654267885,3.07464016542679
327,57,13.0,5.0
327,58,3.0,5.0
327,59,21.79106694237798,2.1791066942377983
328,55,26.59999999999999,5.0
328,56,31.34342396839388,3.1343423968393895
328,57,14.0,5.0
328,58,4.0,5.0
328,59,22.388089256503974,2.238808925650398
329,55,27.99999999999999,5.0
329,56,31.940446282519872,3.194044628251989
329,57,15.0,5.0
329,58,5.0,5.0
329,59,22.985111570629968,2.2985111570629972
330,55,29.399999999999988,5.0
330,56,32.537468596645866,3.2537468596645884
330,57,16.0,5.0
330,58,6.0,5.0
330,59,23.58213388475596,2.3582133884755967
330,60,1.05,5.0
331,55,30.799999999999986,5.0
331,56,33.13449091077186,3.313449091077188
331,57,17.0,5.0
331,58,7.0,5.0
331,59,24.179156198881955,2.417915619888196
331,60,2.1,5.0
332,55,32.19999999999999,5.0
332,56,33.73151322489785,3.3731513224897873
332,57,18.0,5.0
332,58,8.0,5.0
332,59,24.77617851300795,2.4776178513007956
332,60,3.1500000000000004,5.0
333,55,33.59999999999999,5.0
333,56,34.32853553902385,3.432853553902387
333,57,19.0,5.0
333,58,9.0,5.0
333,59,25.373200827133942,2.537320082713395
333,60,4.2,5.0
334,55,34.999999999999986,5.0
334,56,34.92555785314984,3.4925557853149862
334,57,20.0,5.0
334,58,10.0,5.0
334,59,25.970223141259936,2.5970223141259945
334,60,5.25,5.0
335,55,36.399999999999984,5.0
335,56,35.522580167275834,3.5522580167275857
335,57,21.0,5.0
335,58,11.0,5.0
335,59,26.56724545538593,2.656724545538594
335,60,6.3,5.0
335,61,20.597022314125994,2.0597022314125994
336,55,37.79999999999998,5.0
336,56,36.11960248140183,3.611960248140185
336,57,22.0,5.0
336,58,12.0,5.0
336,59,27.164267769511923,2.7164267769511934
336,60,7.35,5.0
336,61,21.194044628251987,2.119404462825199
337,55,39.19999999999998,5.0
337,56,36.71662479552782,3.6716624795527846
337,57,23.0,5.0
337,58,13.0,5.0
337,59,27.761290083637917,2.776129008363793
337,60,8.4,5.0
337,61,21.79106694237798,2.1791066942377983
338,55,40.59999999999998,5.0
338,56,37.313647109653814,3.731364710965384
338,57,24.0,5.0
338,58,14.0,5.0
338,59,28.35831239776391,2.8358312397763923
338,60,9.450000000000001,5.0
338,61,22.388089256503974,2.238808925650398
339,55,41.99999999999998,5.0
339,56,37.91066942377981,3.7910669423779835
339,57,25.0,5.0
339,58,15.0,5.0
339,59,28.955334711889904,2.8955334711889917
339,60,10.500000000000002,5.0
339,61,22.985111570629968,2.2985111570629972
340,55,43.39999999999998,5.0
340,56,38.5076917379058,3.850769173790583
340,57,26.0,5.0
340,58,16.0,5.0
340,59,29.552357026015898,2.955235702601591
340,60,11.550000000000002,5.0
340,61,23.58213388475596,2.3582133884755967
340,62,1.0,5.0
341,55,44.799999999999976,5.0
341,56,39.104714052031795,3.9104714052031824
341,57,27.0,5.0
341,58,17.0,5.0
341,59,30.14937934014189,3.0149379340141906
341,60,12.600000000000003,5.0
341,61,24.179156198881955,2.417915619888196
341,62,2.0,5.0
342,55,46.199999999999974,5.0
342,56,39.70173636615779,3.970173636615782
342,57,28.0,5.0
342,58,18.0,5.0
342,59,30.746401654267885,3.07464016542679
342,60,13.650000000000004,5.0
342,61,24.77617851300795,2.4776178513007956
342,62,3.0,5.0
343,55,47.59999999999997,5.0
343,56,40.29875868028378,4.029875868028381
343,57,29.0,5.0
343,58,19.0,5.0
343,59,31.34342396839388,3.1343423968393895
343,60,14.700000000000005,5.0
343,61,25.373200827133942,2.537320082713395
343,62,4.0,5.0
344,55,48.99999999999997,5.0
344,56,40.895780994409776,4.08957809944098
344,57,30.0,5.0
344,58,20.0,5.0
344,59,31.940446282519872,3.194044628251989
344,60,15.750000000000005,5.0
344,61,25.970223141259936,2.5970223141259945
344,62,5.0,5.0
345,55,50.39999999999997,5.0
345,56,41.49280330853577,4.149280330853579
345,57,31.0,5.0
345,58,21.0,5.0
345,59,32.537468596645866,3.2537468596645884
345,60,16.800000000000004,5.0
345,61,26.56724545538593,2.656724545538594
345,62,6.0,5.0
345,63,1.0,5.0
346,55,51.79999999999997,5.0
346,56,42.08982562266176,4.208982562266178
346,57,32.0,5.0
346,58,22.0,5.0
346,59,33.13449091077186,3.313449091077188
346,60,17.850000000000005,5.0
346,61,27.164267769511923,2.7164267769511934
346,62,7.0,5.0
346,63,2.0,5.0
347,55,53.19999999999997,5.0
347,56,42.68684793678776,4.268684793678777
347,57,33.0,5.0
347,58,23.0,5.0
347,59,33.73151322489785,3.3731513224897873
347,60,18.900000000000006,5.0
347,61,27.761290083637917,2.776129008363793
347,62,8.0,5.0
347,63,3.0,5.0
348,55,54.599999999999966,5.0
348,56,43.28387025091375,4.328387025091376
348,57,34.0,5.0
348,58,24.0,5.0
348,59,34.32853553902385,3.432853553902387
348,60,19.950000000000006,5.0
348,61,28.35831239776391,2.8358312397763923
348,62,9.0,5.0
348,63,4.0,5.0
349,55,55.999999999999964,5.0
349,56,43.880892565039744,4.388089256503975
349,57,35.0,5.0
349,58,25.0,5.0
349,59,34.92555785314984,3.4925557853149862
349,60,21.000000000000007,5.0
349,61,28.955334711889904,2.8955334711889917
349,62,10.0,5.0
349,63,5.0,5.0
350,55,57.39999999999996,5.0
350,56,44.47791487916574,4.447791487916574
350,57,36.0,5.0
350,58,26.0,5.0
350,59,35.522580167275834,3.5522580167275857
350,60,22.050000000000008,5.0
350,61,29.552357026015898,2.955235702601591
350,62,11.0,5.0
350,63,6.0,5.0
350,64,1.2,5.0
351,55,58.79999999999996,5.0
351,56,45.07493719329173,4.507493719329173
351,57,37.0,5.0
351,58,27.0,5.0
351,59,36.11960248140183,3.611960248140185
351,60,23.10000000000001,5.0
351,61,30.14937934014189,3.0149379340141906
351,62,12.0,5.0
351,63,7.0,5.0
351,64,2.4,5.0
352,55,60.19999999999996,5.0
352,56,45.671959507417725,4.567195950741772
352,57,38.0,5.0
352,58,28.0,5.0
352,59,36.71662479552782,3.6716624795527846
352,60,24.15000000000001,5.0
352,61,30.746401654267885,3.07464016542679
352,62,13.0,5.0
352,63,8.0,5.0
352,64,3.5999999999999996,5.0
353,55,61.59999999999996,5.0
353,56,46.26898182154372,4.626898182154371
353,57,39.0,5.0
353,58,29.0,5.0
353,59,37.313647109653814,3.731364710965384
353,60,25.20000000000001,5.0
353,61,31.34342396839388,3.1343423968393895
353,62,14.0,5.0
353,63,9.0,5.0
353,64,4.8,5.0
354,55,62.99999999999996,5.0
354,56,46.86600413566971,4.68660041356697
354,57,40.0,5.0
354,58,30.0,5.0
354,59,37.91066942377981,3.7910669423779835
354,60,26.25000000000001,5.0
354,61,31.940446282519872,3.194044628251989
354,62,15.0,5.0
354,63,10.0,5.0
354,64,6.0,5.0
355,55,64.39999999999996,5.0
355,56,47.463026449795706,4.746302644979569
355,57,41.0,5.0
355,58,31.0,5.0
355,59,38.5076917379058,3.850769173790583
355,60,27.30000000000001,5.0
355,61,32.537468596645866,3.2537468596645884
355,62,16.0,5.0
355,63,11.0,5.0
355,64,7.2,5.0
355,65,1.0,5.0
355,66,20.597022314125994,2.0597022314125994
356,55,65.79999999999997,5.0
356,56,48.0600487639217,4.806004876392168
356,57,42.0,5.0
356,58,32.0,5.0
356,59,39.104714052031795,3.9104714052031824
356,60,28.350000000000012,5.0
356,61,33.13449091077186,3.313449091077188
356,62,17.0,5.0
356,63,12.0,5.0
356,64,8.4,5.0
356,65,2.0,5.0
356,66,21.194044628251987,2.119404462825199
357,55,67.19999999999997,5.0
357,56,48.65707107804769,4.865707107804767
357,57,43.0,5.0
357,58,33.0,5.0
357,59,39.70173636615779,3.970173636615782
357,60,29.400000000000013,5.0
357,61,33.73151322489785,3.3731513224897873
357,62,18.0,5.0
357,63,13.0,5.0
357,64,9.6,5.0
357,65,3.0,5.0
357,66,21.79106694237798,2.1791066942377983
358,55,68.59999999999998,5.0
358,56,49.25409339217369,4.925409339217366
358,57,44.0,5.0
358,58,34.0,5.0
358,59,40.29875868028378,4.029875868028381
358,60,30.450000000000014,5.0
358,61,34.32853553902385,3.432853553902387
358,62,19.0,5.0
358,63,14.0,5.0
358,64,10.799999999999999,5.0
358,65,4.0,5.0
358,66,22.388089256503974,2.238808925650398
359,55,69.99999999999999,5.0
359,56,49.85111570629968,4.985111570629965
359,57,45.0,5.0
359,58,35.0,5.0
359,59,40.895780994409776,4.08957809944098
359,60,31.500000000000014,5.0
359,61,34.92555785314984,3.4925557853149862
359,62,20.0,5.0
359,63,15.0,5.0
359,64,11.999999999999998,5.0
359,65,5.0,5.0
359,66,22.985111570629968,2.2985111570629972
360,55,71.39999999999999,5.0
360,56,50.448138020425674,5.0
360,57,46.0,5.0
360,58,36.0,5.0
360,59,41.49280330853577,4.149280330853579
360,60,32.55000000000001,5.0
360,61,35.522580167275834,3.5522580167275857
360,62,21.0,5.0
360,63,16.0,5.0
360,64,13.199999999999998,5.0
360,65,6.0,5.0
360,66,23.58213388475596,2.3582133884755967
360,67,1.0,5.0
361,55,72.8,5.0
361,56,51.44743999016323,5.0
361,57,47.0,5.0
361,58,37.0,5.0
361,59,42.08982562266176,4.208982562266178
361,60,33.60000000000001,5.0
361,61,36.11960248140183,3.611960248140185
361,62,22.0,5.0
361,63,17.0,5.0
361,64,14.399999999999997,5.0
361,65,7.0,5.0
361,66,24.179156198881955,2.417915619888196
361,67,2.0,5.0
362,55,74.2,5.0
362,56,52.44726546736852,5.0
362,57,48.0,5.0
362,58,38.0,5.0
362,59,42.68684793678776,4.268684793678777
362,60,34.650000000000006,5.0
362,61,36.71662479552782,3.6716624795527846
362,62,23.0,5.0
362,63,18.0,5.0
362,64,15.599999999999996,5.0
362,65,8.0,5.0
362,66,24.77617851300795,2.4776178513007956
362,67,3.0,5.0
363,55,75.60000000000001,5.0
363,56,53.447221835717976,5.0
363,57,49.0,5.0
363,58,39.0,5.0
363,59,43.28387025091375,4.328387025091376
363,60,35.7,5.0
363,61,37.313647109653814,3.731364710965384
363,62,24.0,5.0
363,63,19.0,5.0
363,64,16.799999999999997,5.0
363,65,9.0,5.0
363,66,25.373200827133942,2.537320082713395
363,67,4.0,5.0
364,55,77.00000000000001,5.0
364,56,54.44721092774585,5.0
364,57,50.0,5.0
364,58,40.0,5.0
364,59,43.880892565039744,4.388089256503975
364,60,36.75,5.0
364,61,37.91066942377981,3.7910669423779835
364,62,25.0,5.0
364,63,20.0,5.0
364,64,17.999999999999996,5.0
364,65,10.0,5.0
364,66,25.970223141259936,2.5970223141259945
364,67,5.0,5.0
365,55,78.40000000000002,5.0
365,56,55.4472082007491,5.0
365,57,51.0,5.0
365,58,41.0,5.0
365,59,44.47791487916574,4.447791487916574
365,60,37.8,5.0
365,61,38.5076917379058,3.850769173790583
365,62,26.0,5.0
365,63,21.0,5.0
365,64,19.199999999999996,5.0
365,65,11.0,5.0
365,66,26.56724545538593,2.656724545538594
365,67,6.0,5.0
366,55,79.80000000000003,5.0
366,56,56.44720751899968,5.0
366,57,52.0,5.0
366,58,42.0,5.0
366,59,45.07493719329173,4.507493719329173
366,60,38.849999999999994,5.0
366,61,39.104714052031795,3.9104714052031824
366,62,27.0,5.0
366,63,22.0,5.0
366,64,19.199999999999996,5.0
366,65,12.0,5.0
366,66,27.164267769511923,2.7164267769511934
366,67,7.0,5.0
367,55,81.20000000000003,5.0
367,56,57.447207348562316,5.0
367,57,53.0,5.0
367,58,43.0,5.0
367,59,45.671959507417725,4.567195950741772
367,60,39.89999999999999,5.0
367,61,39.70173636615779,3.970173636615782
367,62,28.0,5.0
367,63,23.0,5.0
367,64,20.399999999999995,5.0
367,65,13.0,5.0
367,66,27.761290083637917,2.776129008363793
367,67,8.0,5.0
368,55,82.60000000000004,5.0
368,56,58.44720730595297,5.0
368,57,54.0,5.0
368,58,43.0,5.0
368,59,46.26898182154372,4.626898182154371
368,60,40.94999999999999,5.0
368,61,40.29875868028378,4.029875868028381
368,62,29.0,5.0
368,63,24.0,5.0
368,64,21.599999999999994,5.0
368,65,14.0,5.0
368,66,28.35831239776391,2.8358312397763923
368,67,9.0,5.0
369,55,84.00000000000004,5.0
369,56,59.447207295300636,5.0
369,57,55.0,5.0
369,58,44.0,5.0
369,59,46.86600413566971,4.68660041356697
369,60,41.999999999999986,5.0
369,61,40.29875868028378,4.029875868028381
369,62,30.0,5.0
369,63,25.0,5.0
369,64,22.799999999999994,5.0
369,65,15.0,5.0
369,66,28.955334711889904,2.8955334711889917
369,67,10.0,5.0
370,55,85.40000000000005,5.0
370,56,60.44720729263755,5.0
370,57,56.0,5.0
370,58,44.0,5.0
370,59,47.463026449795706,4.746302644979569
370,60,41.999999999999986,5.0
370,61,40.29875868028378,4.029875868028381
370,62,31.0,5.0
370,63,26.0,5.0
370,64,23.999999999999993,5.0
370,65,16.0,5.0
370,66,29.552357026015898,2.955235702601591
370,67,11.0,5.0
371,55,86.80000000000005,5.0
371,56,61.44720729197178,5.0
371,57,57.0,5.0
371,58,45.0,5.0
371,59,48.0600487639217,4.806004876392168
371,60,43.04999999999998,5.0
371,61,40.29875868028378,4.029875868028381
371,62,32.0,5.0
371,63,26.6,5.0
371,64,23.999999999999993,5.0
371,65,16.6,5.0
371,66,30.14937934014189,3.0149379340141906
371,67,11.6,5.0
372,55,88.20000000000006,5.0
372,56,62.447207291805334,5.0
372,57,58.0,5.0
372,58,46.0,5.0
372,59,48.65707107804769,4.865707107804767
372,60,43.04999999999998,5.0
372,61,40.29875868028378,4.029875868028381
372,62,33.0,5.0
372,63,27.200000000000003,5.0
372,64,24.71999999999999,5.0
372,65,17.200000000000003,5.0
372,66,30.746401654267885,3.07464016542679
372,67,12.2,5.0
373,55,89.60000000000007,5.0
373,56,63.447207291763725,5.0
373,57,59.0,5.0
373,58,46.0,5.0
373,59,49.25409339217369,4.925409339217366
373,60,43.04999999999998,5.0
373,61,40.29875868028378,4.029875868028381
373,62,34.0,5.0
373,63,27.800000000000004,5.0
373,64,25.43999999999999,5.0
373,65,17.800000000000004,5.0
373,66,31.34342396839388,3.1343423968393895
373,67,12.799999999999999,5.0
374,55,91.00000000000007,5.0
374,56,64.44720729175332,5.0
374,57,60.0,5.0
374,58,47.0,5.0
374,59,49.85111570629968,4.985111570629965
374,60,44.09999999999998,5.0
374,61,40.895780994409776,4.08957809944098
374,62,35.0,5.0
374,63,28.400000000000006,5.0
374,64,25.43999999999999,5.0
374,65,18.400000000000006,5.0
374,66,31.940446282519872,3.194044628251989
374,67,13.399999999999999,5.0
375,55,92.40000000000008,5.0
375,56,65.44720729175071,5.0
375,57,61.0,5.0
375,58,47.0,5.0
375,59,50.448138020425674,5.0
375,60,44.09999999999998,5.0
375,61,41.49280330853577,4.149280330853579
375,62,36.0,5.0
375,63,29.000000000000007,5.0
375,64,26.15999999999999,5.0
375,65,19.000000000000007,5.0
375,66,32.537468596645866,3.2537468596645884
375,67,13.999999999999998,5.0
375,68,0.6,5.0
376,55,93.80000000000008,5.0
376,56,66.44720729175006,5.0
376,57,62.0,5.0
376,58,48.0,5.0
376,59,51.44743999016323,5.0
376,60,45.14999999999998,5.0
376,61,42.08982562266176,4.208982562266178
376,62,37.0,5.0
376,63,29.60000000000001,5.0
376,64,26.87999999999999,5.0
376,65,19.60000000000001,5.0
376,66,33.13449091077186,3.313449091077188
376,67,14.599999999999998,5.0
376,68,1.2,5.0
377,55,95.20000000000009,5.0
377,56,67.4472072917499,5.0
377,57,63.0,5.0
377,58,49.0,5.0
377,59,52.44726546736852,5.0
377,60,46.199999999999974,5.0
377,61,42.68684793678776,4.268684793678777
377,62,38.0,5.0
377,63,30.20000000000001,5.0
377,64,27.599999999999987,5.0
377,65,20.20000000000001,5.0
377,66,33.73151322489785,3.3731513224897873
377,67,15.199999999999998,5.0
377,68,1.7999999999999998,5.0
378,55,96.6000000000001,5.0
378,56,68.44720729174986,5.0
378,57,64.0,5.0
378,58,50.0,5.0
378,59,53.447221835717976,5.0
378,60,47.24999999999997,5.0
378,61,43.28387025091375,4.328387025091376
378,62,39.0,5.0
378,63,31.20000000000001,5.0
378,64,28.319999999999986,5.0
378,65,20.80000000000001,5.0
378,66,34.32853553902385,3.432853553902387
378,67,15.799999999999997,5.0
378,68,2.4,5.0
379,55,98.0000000000001,5.0
379,56,69.44720729174985,5.0
379,57,65.0,5.0
379,58,51.0,5.0
379,59,54.44721092774585,5.0
379,60,48.29999999999997,5.0
379,61,43.880892565039744,4.388089256503975
379,62,40.0,5.0
379,63,32.20000000000001,5.0
379,64,29.039999999999985,5.0
379,65,21.400000000000013,5.0
379,66,34.92555785314984,3.4925557853149862
379,67,16.4,5.0
379,68,3.0,5.0
380,55,99.4000000000001,5.0
380,56,70.44720729174985,5.0
380,57,66.0,5.0
380,58,52.0,5.0
380,59,55.4472082007491,5.0
380,60,49.349999999999966,5.0
380,61,44.47791487916574,4.447791487916574
380,62,41.0,5.0
380,63,33.20000000000001,5.0
380,64,29.759999999999984,5.0
380,65,22.000000000000014,5.0
380,66,35.522580167275834,3.5522580167275857
380,67,17.0,5.0
380,68,3.6,5.0
381,56,71.44720729174985,5.0
381,57,67.0,5.0
381,58,53.0,5.0
381,59,56.44720751899968,5.0
381,60,50.39999999999996,5.0
381,61,45.07493719329173,4.507493719329173
381,62,42.0,5.0
381,63,34.20000000000001,5.0
381,64,30.959999999999983,5.0
381,65,23.000000000000014,5.0
381,66,36.11960248140183,3.611960248140185
381,67,18.0,5.0
381,68,4.6,5.0
382,56,72.44720729174985,5.0
382,57,68.0,5.0
382,58,54.0,5.0
382,59,57.447207348562316,5.0
382,60,51.44999999999996,5.0
382,61,45.671959507417725,4.567195950741772
382,62,43.0,5.0
382,63,35.20000000000001,5.0
382,64,32.15999999999998,5.0
382,65,24.000000000000014,5.0
382,66,36.71662479552782,3.6716624795527846
382,67,19.0,5.0
382,68,5.6,5.0
383,56,73.44720729174985,5.0
383,57,69.0,5.0
383,58,55.0,5.0
383,59,58.44720730595297,5.0
383,60,52.49999999999996,5.0
383,61,46.26898182154372,4.626898182154371
383,62,44.0,5.0
383,63,36.20000000000001,5.0
383,64,33.359999999999985,5.0
383,65,25.000000000000014,5.0
383,66,37.313647109653814,3.731364710965384
383,67,20.0,5.0
383,68,6.6,5.0
384,56,74.44720729174985,5.0
384,57,70.0,5.0
384,58,56.0,5.0
384,59,59.447207295300636,5.0
384,60,53.549999999999955,5.0
384,61,46.86600413566971,4.68660041356697
384,62,44.0,5.0
384,63,37.20000000000001,5.0
384,64,34.55999999999999,5.0
384,65,26.000000000000014,5.0
384,66,37.91066942377981,3.7910669423779835
384,67,21.0,5.0
384,68,7.6,5.0
385,56,75.44720729174985,5.0
385,57,71.0,5.0
385,58,57.0,5.0
385,59,60.44720729263755,5.0
385,60,54.59999999999995,5.0
385,61,47.463026449795706,4.746302644979569
385,62,45.0,5.0
385,63,38.20000000000001,5.0
385,64,35.75999999999999,5.0
385,65,27.000000000000014,5.0
385,66,38.5076917379058,3.850769173790583
385,67,22.0,5.0
385,68,8.6,5.0
386,56,76.44720729174985,5.0
386,57,72.0,5.0
386,58,58.0,5.0
386,59,61.44720729197178,5.0
386,60,55.64999999999995,5.0
386,61,48.0600487639217,4.806004876392168
386,62,46.0,5.0
386,63,39.20000000000001,5.0
386,64,36.959999999999994,5.0
386,65,28.000000000000014,5.0
386,66,39.104714052031795,3.9104714052031824
386,67,23.0,5.0
386,68,9.6,5.0
387,56,77.44720729174985,5.0
387,57,73.0,5.0
387,58,59.0,5.0
387,59,62.447207291805334,5.0
387,60,56.699999999999946,5.0
387,61,48.65707107804769,4.865707107804767
387,62,46.0,5.0
387,63,40.20000000000001,5.0
387,64,38.16,5.0
387,65,29.000000000000014,5.0
387,66,39.70173636615779,3.970173636615782
387,67,24.0,5.0
387,68,10.6,5.0
388,56,78.44720729174985,5.0
388,57,74.0,5.0
388,58,60.0,5.0
388,59,63.447207291763725,5.0
388,60,57.74999999999994,5.0
388,61,49.25409339217369,4.925409339217366
388,62,47.0,5.0
388,63,41.20000000000001,5.0
388,64,39.36,5.0
388,65,30.000000000000014,5.0
388,66,40.29875868028378,4.029875868028381
388,67,25.0,5.0
388,68,11.6,5.0
389,56,79.44720729174985,5.0
389,57,75.0,5.0
389,58,61.0,5.0
389,59,64.44720729175332,5.0
389,60,58.79999999999994,5.0
389,61,49.85111570629968,4.985111570629965
389,62,47.0,5.0
389,63,42.20000000000001,5.0
389,64,39.36,5.0
389,65,31.000000000000014,5.0
389,66,40.29875868028378,4.029875868028381
389,67,26.0,5.0
389,68,12.6,5.0
390,56,80.44720729174985,5.0
390,57,76.0,5.0
390,58,62.0,5.0
390,59,65.44720729175071,5.0
390,60,59.84999999999994,5.0
390,61,50.448138020425674,5.0
390,62,48.0,5.0
390,63,43.20000000000001,5.0
390,64,39.36,5.0
390,65,32.000000000000014,5.0
390,66,40.895780994409776,4.08957809944098
390,67,27.0,5.0
390,68,13.6,5.0
390,69,20.597022314125994,2.0597022314125994
391,56,81.44720729174985,5.0
391,57,77.0,5.0
391,58,63.0,5.0
391,59,66.44720729175006,5.0
391,60,60.899999999999935,5.0
391,61,51.44743999016323,5.0
391,62,49.0,5.0
391,63,44.20000000000001,5.0
391,64,39.36,5.0
391,65,33.000000000000014,5.0
391,66,41.49280330853577,4.149280330853579
391,67,28.0,5.0
391,68,14.6,5.0
391,69,21.194044628251987,2.119404462825199
392,56,82.44720729174985,5.0
392,57,78.0,5.0
392,58,64.0,5.0
392,59,67.4472072917499,5.0
392,60,61.94999999999993,5.0
392,61,52.44726546736852,5.0
392,62,50.0,5.0
392,63,45.20000000000001,5.0
392,64,39.36,5.0
392,65,34.000000000000014,5.0
392,66,42.08982562266176,4.208982562266178
392,67,29.0,5.0
392,68,15.6,5.0
392,69,21.79106694237798,2.1791066942377983
393,56,83.44720729174985,5.0
393,57,79.0,5.0
393,58,65.0,5.0
393,59,68.44720729174986,5.0
393,60,62.99999999999993,5.0
393,61,53.447221835717976,5.0
393,62,51.0,5.0
393,63,46.20000000000001,5.0
393,64,39.36,5.0
393,65,35.000000000000014,5.0
393,66,42.68684793678776,4.268684793678777
393,67,30.0,5.0
393,68,16.6,5.0
393,69,22.388089256503974,2.238808925650398
394,56,84.44720729174985,5.0
394,57,80.0,5.0
394,58,66.0,5.0
394,59,69.44720729174985,5.0
394,60,64.04999999999993,5.0
394,61,54.44721092774585,5.0
394,62,52.0,5.0
394,63,47.20000000000001,5.0
394,64,40.56,5.0
394,65,36.000000000000014,5.0
394,66,43.28387025091375,4.328387025091376
394,67,31.0,5.0
394,68,17.6,5.0
394,69,22.985111570629968,2.2985111570629972
395,56,85.44720729174985,5.0
395,57,81.0,5.0
395,58,67.0,5.0
395,59,70.44720729174985,5.0
395,60,64.04999999999993,5.0
395,61,55.4472082007491,5.0
395,62,53.0,5.0
395,63,48.20000000000001,5.0
395,64,40.56,5.0
395,65,37.000000000000014,5.0
395,66,43.880892565039744,4.388089256503975
395,67,32.0,5.0
395,68,18.6,5.0
395,69,23.58213388475596,2.3582133884755967
395,70,1.1,5.0
396,56,86.44720729174985,5.0
396,57,82.0,5.0
396,58,68.0,5.0
396,59,71.44720729174985,5.0
396,60,65.09999999999992,5.0
396,61,56.44720751899968,5.0
396,62,54.0,5.0
396,63,49.20000000000001,5.0
396,64,41.760000000000005,5.0
396,65,38.000000000000014,5.0
396,66,44.47791487916574,4.447791487916574
396,67,33.0,5.0
396,68,19.400000000000002,5.0
396,69,24.179156198881955,2.417915619888196
396,70,1.9800000000000002,5.0
397,56,87.44720729174985,5.0
397,57,83.0,5.0
397,58,69.0,5.0
397,59,72.44720729174985,5.0
397,60,66.14999999999992,5.0
397,61,57.447207348562316,5.0
397,62,55.0,5.0
397,63,50.20000000000001,5.0
397,64,41.760000000000005,5.0
397,65,39.000000000000014,5.0
397,66,45.07493719329173,4.507493719329173
397,67,34.0,5.0
397,68,20.200000000000003,5.0
397,69,24.77617851300795,2.4776178513007956
397,70,2.8600000000000003,5.0
398,56,88.44720729174985,5.0
398,57,84.0,5.0
398,58,70.0,5.0
398,59,73.44720729174985,5.0
398,60,67.19999999999992,5.0
398,61,58.44720730595297,5.0
398,62,56.0,5.0
398,63,51.20000000000001,5.0
398,64,42.96000000000001,5.0
398,65,40.000000000000014,5.0
398,66,45.671959507417725,4.567195950741772
398,67,35.0,5.0
398,68,21.000000000000004,5.0
398,69,25.373200827133942,2.537320082713395
398,70,3.74,5.0
399,56,89.44720729174985,5.0
399,57,85.0,5.0
399,58,71.0,5.0
399,59,74.44720729174985,5.0
399,60,68.24999999999991,5.0
399,61,59.447207295300636,5.0
399,62,57.0,5.0
399,63,52.20000000000001,5.0
399,64,42.96000000000001,5.0
399,65,40.000000000000014,5.0
399,66,46.26898182154372,4.626898182154371
399,67,36.0,5.0
399,68,21.800000000000004,5.0
399,69,25.970223141259936,2.5970223141259945
399,70,4.62,5.0
400,56,90.44720729174985,5.0
400,57,86.0,5.0
400,58,72.0,5.0
400,59,75.44720729174985,5.0
400,60,69.29999999999991,5.0
400,61,60.44720729263755,5.0
400,62,58.0,5.0
400,63,53.20000000000001,5.0
400,64,44.16000000000001,5.0
400,65,41.000000000000014,5.0
400,66,46.86600413566971,4.68660041356697
400,67,37.0,5.0
400,68,22.600000000000005,5.0
400,69,26.56724545538593,2.656724545538594
400,70,5.5,5.0
400,71,0.8,5.0
